col_date,col_station,col_temperature_moyenne_c,col_temperature_min_c,col_temperature_max_c,col_precipitation_mm,col_vitesse_vent_kmh,col_ensoleillement_heures,col_source,col_date_collecte
2024-06-15 00:00:00,Montparnasse 3,25.1,17.0,27.2,1.8,50,1.9,RATP_Open_Data_2024,2024-07-09 00:00:00
2024-07-15 00:00:00,Saint-Charles 1,12.7,10.2,19.1,0.8,110,4.69,RATP_Open_Data_2024,2024-10-10 00:00:00
2024-12-21 00:00:00,Saint-Charles 6,15.2,16.6,13.1,1.3,30,6.42,Data.gouv.fr,2024-09-26 00:00:00
2024-01-23 00:00:00,Gare du Nord 8,6.4,18.4,12.3,11.5,45,1.56,RATP_Open_Data_2024,2024-01-13 00:00:00
2024-07-29 00:00:00,Part-Dieu 5,24.8,10.3,18.1,1.2,70,6.66,Météo-France,2024-04-12 00:00:00
2024-05-09 00:00:00,Gare du Nord 9,5.6,25.2,16.2,9.6,50,7.45,RATP_Open_Data_2024,2024-10-29 00:00:00
2024-10-06 00:00:00,Saint-Charles 9,14.5,20.3,19.9,0.2,70,5.27,SNCF_Open_Data,2024-07-15 00:00:00
2024-09-21 00:00:00,Montparnasse 9,20.3,12.6,6.1,6.5,110,4.61,RATP_Open_Data_2024,2024-09-22 00:00:00
2024-06-11 00:00:00,Haussmann Saint-Lazare 5,9.0,18.2,5.5,11.5,110,1.52,Data.gouv.fr,2024-02-26 00:00:00
2024-03-29 00:00:00,Gare de l'Est 6,19.9,9.8,13.4,2.3,30,8.41,Data.gouv.fr,2024-07-13 00:00:00
2024-02-20 00:00:00,Gare de Lyon 6,7.9,15.9,24.9,10.5,80,7.27,Data.gouv.fr,2024-08-03 00:00:00
2024-05-11 00:00:00,Part-Dieu 8,8.5,4.7,26.8,8.8,45,8.57,Airparif,2024-03-29 00:00:00
2024-01-18 00:00:00,Matabiau 3,12.5,7.3,24.6,2.2,30,8.08,Data.gouv.fr,2024-06-16 00:00:00
2024-04-26 00:00:00,Montparnasse 8,11.6,16.5,24.5,12.8,70,2.97,SNCF_Open_Data,2024-10-29 00:00:00
2024-03-12 00:00:00,Montparnasse 7,25.3,16.1,23.6,10.7,50,5.01,Météo-France,2024-02-09 00:00:00
2024-09-18 00:00:00,Montparnasse 9,14.9,7.0,7.5,12.8,130,8.19,RATP_Open_Data_2024,2024-08-20 00:00:00
2024-01-05 00:00:00,Saint-Jean 7,11.1,17.2,17.0,1.4,30,4.92,Météo-France,2024-12-10 00:00:00
2024-08-12 00:00:00,Haussmann Saint-Lazare 8,17.5,8.1,21.4,6.4,70,6.39,Météo-France,2024-06-29 00:00:00
2024-12-12 00:00:00,Part-Dieu 6,6.0,5.5,27.1,10.6,30,3.4,Météo-France,2024-10-05 00:00:00
2024-11-16 00:00:00,Matabiau 2,14.5,27.3,23.7,13.1,70,5.24,SNCF_Open_Data,2024-08-04 00:00:00
2024-07-18 00:00:00,Saint-Charles 2,7.3,12.2,10.1,9.7,50,8.07,Data.gouv.fr,2024-06-08 00:00:00
2024-05-01 00:00:00,Part-Dieu 2,25.1,14.9,13.6,10.6,80,8.3,Météo-France,2024-06-15 00:00:00
2024-05-05 00:00:00,Gare de Lyon 1,11.4,19.5,19.0,1.8,50,5.51,Airparif,2024-04-27 00:00:00
2024-05-24 00:00:00,Montparnasse 2,18.5,23.8,5.9,9.0,70,3.81,Data.gouv.fr,2024-10-14 00:00:00
2024-08-07 00:00:00,Gare de Lyon 9,8.0,10.4,24.2,13.4,80,6.59,SNCF_Open_Data,2024-04-20 00:00:00
2024-12-21 00:00:00,Gare de Lyon 5,11.1,8.5,25.3,7.7,50,2.65,Data.gouv.fr,2024-08-23 00:00:00
2024-10-26 00:00:00,Gare de l'Est 4,12.7,7.8,11.4,5.8,45,6.49,SNCF_Open_Data,2024-11-12 00:00:00
2024-04-01 00:00:00,Saint-Jean 9,13.7,16.9,10.4,1.4,50,7.16,RATP_Open_Data_2024,2024-02-13 00:00:00
2024-08-19 00:00:00,Gare de Lyon 3,22.1,18.8,9.9,7.6,130,4.63,RATP_Open_Data_2024,2024-05-01 00:00:00
2024-07-14 00:00:00,Haussmann Saint-Lazare 9,27.3,25.2,4.6,12.8,30,4.65,Météo-France,2024-11-28 00:00:00
2024-09-08 00:00:00,Gare de l'Est 8,22.7,22.9,4.8,11.7,110,8.04,Météo-France,2024-02-12 00:00:00
2024-07-28 00:00:00,Saint-Jean 2,23.5,13.8,11.3,13.3,80,3.26,RATP_Open_Data_2024,2024-12-25 00:00:00
2024-04-11 00:00:00,Gare du Nord 5,24.4,6.3,26.5,11.0,45,2.74,RATP_Open_Data_2024,2024-02-06 00:00:00
2024-08-26 00:00:00,Matabiau 8,20.7,10.4,20.3,4.5,110,5.28,SNCF_Open_Data,2024-08-08 00:00:00
2024-08-29 00:00:00,Saint-Jean 2,6.8,7.8,19.8,7.4,80,1.83,Data.gouv.fr,2024-01-03 00:00:00
2024-12-25 00:00:00,Saint-Charles 4,11.3,18.9,11.9,5.3,110,5.58,RATP_Open_Data_2024,2024-06-23 00:00:00
2024-10-17 00:00:00,Haussmann Saint-Lazare 9,15.8,8.8,21.4,10.3,110,8.21,Airparif,2024-05-08 00:00:00
2024-08-01 00:00:00,Gare du Nord 4,20.0,18.9,20.4,12.7,50,4.17,RATP_Open_Data_2024,2024-09-25 00:00:00
2024-09-23 00:00:00,Matabiau 7,10.7,20.9,19.9,2.6,45,8.4,Airparif,2024-08-22 00:00:00
2024-02-03 00:00:00,Montparnasse 3,16.2,19.2,5.7,2.4,50,2.63,Météo-France,2024-01-11 00:00:00
2024-08-28 00:00:00,Gare de Lyon 9,16.8,26.6,26.3,7.8,110,2.26,Airparif,2024-11-01 00:00:00
2024-02-18 00:00:00,Saint-Jean 3,6.2,11.2,20.1,8.7,110,5.71,RATP_Open_Data_2024,2024-10-08 00:00:00
2024-04-21 00:00:00,Gare du Nord 1,26.6,21.1,25.5,3.9,130,4.78,RATP_Open_Data_2024,2024-08-21 00:00:00
2024-05-18 00:00:00,Matabiau 4,10.4,26.2,25.9,0.9,130,4.99,SNCF_Open_Data,2024-11-02 00:00:00
2024-07-23 00:00:00,Haussmann Saint-Lazare 1,24.0,18.7,24.5,11.0,110,3.81,SNCF_Open_Data,2024-11-15 00:00:00
2024-09-02 00:00:00,Part-Dieu 7,7.5,10.0,6.3,3.8,70,6.84,Météo-France,2024-07-17 00:00:00
2024-03-26 00:00:00,Gare de l'Est 2,19.1,10.3,9.8,10.0,70,4.1,SNCF_Open_Data,2024-06-25 00:00:00
2024-10-18 00:00:00,Saint-Jean 7,19.9,15.2,5.1,8.2,50,6.94,SNCF_Open_Data,2024-08-27 00:00:00
2024-11-04 00:00:00,Matabiau 3,13.6,14.8,11.3,3.5,30,6.72,Data.gouv.fr,2024-10-04 00:00:00
2024-10-15 00:00:00,Gare de Lyon 3,11.4,14.5,25.9,8.4,30,3.19,Airparif,2024-07-22 00:00:00
2024-06-18 00:00:00,Montparnasse 1,5.5,9.3,10.4,11.4,30,6.32,RATP_Open_Data_2024,2024-05-18 00:00:00
2024-01-04 00:00:00,Haussmann Saint-Lazare 3,18.1,4.7,16.4,4.1,130,7.06,SNCF_Open_Data,2024-08-08 00:00:00
2024-05-08 00:00:00,Saint-Charles 9,13.9,8.9,7.7,11.9,50,4.58,Airparif,2024-09-30 00:00:00
2024-05-19 00:00:00,Gare de Lyon 7,13.9,11.9,14.1,14.0,30,2.74,Airparif,2024-10-10 00:00:00
2024-05-20 00:00:00,Saint-Charles 5,18.3,16.9,5.1,13.6,130,7.73,RATP_Open_Data_2024,2024-03-08 00:00:00
2024-04-08 00:00:00,Haussmann Saint-Lazare 1,18.1,23.9,14.9,9.9,110,1.65,Data.gouv.fr,2024-07-09 00:00:00
2024-12-24 00:00:00,Matabiau 6,21.0,6.4,11.2,2.5,50,3.48,Data.gouv.fr,2024-08-01 00:00:00
2024-01-15 00:00:00,Gare du Nord 9,18.1,19.0,20.9,7.8,50,6.92,SNCF_Open_Data,2024-08-30 00:00:00
2024-08-20 00:00:00,Gare de Lyon 5,24.9,21.4,15.4,8.0,80,2.32,Airparif,2024-02-03 00:00:00
2024-12-19 00:00:00,Haussmann Saint-Lazare 4,8.8,20.2,21.0,5.6,110,2.17,Airparif,2024-08-20 00:00:00
2024-02-17 00:00:00,Gare de l'Est 6,6.1,11.9,15.6,2.4,130,8.13,RATP_Open_Data_2024,2024-12-13 00:00:00
2024-06-04 00:00:00,Part-Dieu 4,6.6,18.6,10.7,2.3,70,6.84,SNCF_Open_Data,2024-11-24 00:00:00
2024-08-21 00:00:00,Haussmann Saint-Lazare 9,6.3,4.8,14.2,4.0,80,4.5,Data.gouv.fr,2024-07-07 00:00:00
2024-07-01 00:00:00,Gare de Lyon 1,5.4,15.2,22.9,6.9,30,4.72,Data.gouv.fr,2024-11-27 00:00:00
2024-04-30 00:00:00,Saint-Charles 8,7.4,4.7,27.0,3.0,30,4.15,RATP_Open_Data_2024,2024-11-14 00:00:00
2024-07-24 00:00:00,Part-Dieu 4,24.0,10.0,4.9,2.8,50,6.85,SNCF_Open_Data,2024-03-04 00:00:00
2024-01-04 00:00:00,Montparnasse 8,16.7,13.3,4.9,3.1,30,1.59,SNCF_Open_Data,2024-08-01 00:00:00
2024-11-28 00:00:00,Haussmann Saint-Lazare 7,21.5,10.4,27.0,11.4,45,6.74,SNCF_Open_Data,2024-01-03 00:00:00
2024-02-07 00:00:00,Saint-Jean 8,23.4,22.2,15.3,6.4,30,7.72,Météo-France,2024-11-15 00:00:00
2024-07-08 00:00:00,Gare de l'Est 8,27.2,22.6,13.7,8.6,30,2.71,RATP_Open_Data_2024,2024-02-09 00:00:00
2024-09-17 00:00:00,Gare du Nord 2,6.7,17.0,22.5,5.7,130,6.32,Airparif,2024-04-28 00:00:00
2024-07-24 00:00:00,Saint-Charles 9,18.7,5.9,27.1,11.0,30,5.99,RATP_Open_Data_2024,2024-03-11 00:00:00
2024-12-15 00:00:00,Gare de Lyon 1,14.9,7.0,18.9,11.7,80,1.43,Airparif,2024-07-15 00:00:00
2024-05-31 00:00:00,Saint-Charles 3,12.9,23.2,26.3,7.0,70,5.85,RATP_Open_Data_2024,2024-12-20 00:00:00
2024-07-17 00:00:00,Saint-Jean 8,15.3,17.4,14.1,11.2,80,8.79,RATP_Open_Data_2024,2024-06-23 00:00:00
2024-07-03 00:00:00,Montparnasse 6,24.4,22.8,19.1,11.6,45,8.07,RATP_Open_Data_2024,2024-05-14 00:00:00
2024-12-12 00:00:00,Saint-Charles 6,16.5,15.9,9.3,7.8,45,8.28,Airparif,2024-11-15 00:00:00
2024-10-08 00:00:00,Gare de Lyon 2,12.1,19.8,7.4,2.7,110,4.88,Airparif,2024-12-03 00:00:00
2024-07-08 00:00:00,Haussmann Saint-Lazare 7,25.3,26.9,18.4,7.7,50,4.68,RATP_Open_Data_2024,2024-04-23 00:00:00
2024-02-12 00:00:00,Saint-Jean 2,16.5,19.3,14.9,10.6,80,8.55,Météo-France,2024-03-05 00:00:00
2024-12-17 00:00:00,Gare du Nord 6,14.5,5.2,27.1,1.4,45,8.13,Data.gouv.fr,2024-07-25 00:00:00
2024-09-21 00:00:00,Saint-Jean 5,8.7,11.8,19.8,12.3,130,4.7,Airparif,2024-02-15 00:00:00
2024-12-15 00:00:00,Saint-Charles 8,15.7,25.3,24.8,2.3,50,5.09,Météo-France,2024-12-10 00:00:00
2024-05-11 00:00:00,Matabiau 9,5.6,12.6,10.6,4.0,130,3.58,Météo-France,2024-07-01 00:00:00
2024-02-04 00:00:00,Haussmann Saint-Lazare 1,24.6,6.6,10.5,10.8,45,3.33,SNCF_Open_Data,2024-10-30 00:00:00
2024-11-28 00:00:00,Saint-Charles 5,16.1,17.0,6.7,2.4,80,1.84,Airparif,2024-03-31 00:00:00
2024-07-27 00:00:00,Saint-Jean 4,6.4,18.5,26.1,5.7,30,7.86,Airparif,2024-07-07 00:00:00
2024-10-26 00:00:00,Montparnasse 7,26.4,21.1,24.3,7.2,80,6.41,Météo-France,2024-07-22 00:00:00
2024-01-03 00:00:00,Gare de l'Est 7,10.2,4.6,13.4,0.4,80,7.68,RATP_Open_Data_2024,2024-02-16 00:00:00
2024-05-10 00:00:00,Gare de Lyon 6,7.2,25.8,12.3,0.0,70,4.27,Météo-France,2024-01-17 00:00:00
2024-05-08 00:00:00,Part-Dieu 6,8.8,24.3,5.5,10.9,130,3.38,Data.gouv.fr,2024-09-08 00:00:00
2024-06-24 00:00:00,Gare de l'Est 3,14.8,25.7,12.3,10.1,80,3.13,SNCF_Open_Data,2024-08-03 00:00:00
2024-03-15 00:00:00,Gare de l'Est 6,23.2,6.7,19.1,1.7,45,6.53,Airparif,2024-02-14 00:00:00
2024-11-29 00:00:00,Saint-Charles 6,15.2,7.2,7.8,1.5,70,3.54,Météo-France,2024-07-18 00:00:00
2024-09-16 00:00:00,Montparnasse 2,18.5,5.8,10.9,6.2,80,6.48,Data.gouv.fr,2024-11-16 00:00:00
2024-10-19 00:00:00,Gare de l'Est 2,19.1,22.4,6.5,3.6,80,3.6,SNCF_Open_Data,2024-11-20 00:00:00
2024-06-06 00:00:00,Gare de Lyon 7,9.3,26.6,27.4,0.1,45,4.18,Météo-France,2024-10-23 00:00:00
2024-03-07 00:00:00,Gare du Nord 9,19.5,18.3,11.6,3.4,50,4.44,Airparif,2024-06-26 00:00:00
2024-05-02 00:00:00,Montparnasse 7,16.1,8.1,22.3,1.4,110,2.5,Data.gouv.fr,2024-01-14 00:00:00
2024-01-14 00:00:00,Part-Dieu 6,13.7,20.6,24.5,8.4,110,5.71,SNCF_Open_Data,2024-09-20 00:00:00
2024-10-05 00:00:00,Gare de l'Est 5,17.1,19.3,19.0,3.5,50,6.39,Data.gouv.fr,2024-07-14 00:00:00
2024-01-05 00:00:00,Matabiau 6,15.5,11.2,20.5,13.6,130,7.45,Airparif,2024-03-23 00:00:00
2024-03-11 00:00:00,Gare du Nord 9,22.0,19.9,19.6,1.6,80,1.79,Météo-France,2024-11-15 00:00:00
2024-03-02 00:00:00,Gare de Lyon 4,5.8,4.8,9.8,0.5,50,1.41,Data.gouv.fr,2024-05-17 00:00:00
2024-12-06 00:00:00,Matabiau 2,10.5,16.4,10.3,4.9,130,7.42,Airparif,2024-04-02 00:00:00
2024-11-24 00:00:00,Haussmann Saint-Lazare 5,22.8,6.5,24.8,5.3,130,8.79,RATP_Open_Data_2024,2024-05-10 00:00:00
2024-05-25 00:00:00,Gare du Nord 4,14.7,8.4,11.5,10.6,80,4.61,SNCF_Open_Data,2024-05-11 00:00:00
2024-05-08 00:00:00,Matabiau 1,26.7,17.1,15.5,1.9,130,3.38,Airparif,2024-04-20 00:00:00
2024-06-13 00:00:00,Montparnasse 1,6.0,21.0,23.8,9.1,70,8.06,Data.gouv.fr,2024-03-15 00:00:00
2024-10-27 00:00:00,Saint-Jean 1,23.4,19.4,20.8,5.8,70,8.1,RATP_Open_Data_2024,2024-08-25 00:00:00
2024-06-12 00:00:00,Gare de Lyon 1,21.5,17.8,15.1,5.8,70,6.6,SNCF_Open_Data,2024-07-15 00:00:00
2024-12-14 00:00:00,Matabiau 4,24.7,11.0,18.4,7.0,30,8.59,RATP_Open_Data_2024,2024-05-06 00:00:00
2024-08-22 00:00:00,Haussmann Saint-Lazare 1,9.2,20.8,8.3,11.7,70,6.71,SNCF_Open_Data,2024-02-16 00:00:00
2024-05-19 00:00:00,Montparnasse 4,15.0,13.0,15.8,7.9,50,4.24,Airparif,2024-09-19 00:00:00
2024-06-05 00:00:00,Gare de l'Est 3,7.7,25.6,14.2,1.9,80,2.96,Météo-France,2024-06-15 00:00:00
2024-01-22 00:00:00,Montparnasse 7,7.2,5.4,17.7,3.6,30,7.29,Météo-France,2024-07-01 00:00:00
2024-02-26 00:00:00,Gare de l'Est 1,22.7,6.2,9.8,14.3,130,2.76,Météo-France,2024-02-14 00:00:00
2024-01-13 00:00:00,Saint-Jean 3,24.1,5.9,20.4,0.3,70,7.56,Airparif,2024-08-25 00:00:00
2024-12-10 00:00:00,Gare de Lyon 5,26.3,6.5,8.0,10.5,110,5.73,Airparif,2024-01-03 00:00:00
2024-04-08 00:00:00,Gare de Lyon 6,22.0,25.0,24.5,6.8,110,5.42,Airparif,2024-06-09 00:00:00
2024-02-02 00:00:00,Gare du Nord 4,5.4,19.6,11.9,7.1,110,2.33,RATP_Open_Data_2024,2024-01-10 00:00:00
2024-11-29 00:00:00,Gare du Nord 4,7.7,7.5,20.0,6.1,30,2.37,Airparif,2024-11-13 00:00:00
2024-10-28 00:00:00,Matabiau 3,20.6,18.8,15.7,8.4,80,6.5,Data.gouv.fr,2024-04-15 00:00:00
2024-05-15 00:00:00,Saint-Charles 6,20.2,5.3,19.4,3.0,80,2.04,SNCF_Open_Data,2024-08-29 00:00:00
2024-07-25 00:00:00,Gare de l'Est 7,26.7,15.0,21.6,2.3,45,3.44,RATP_Open_Data_2024,2024-06-15 00:00:00
2024-04-03 00:00:00,Saint-Jean 1,6.3,22.0,15.4,4.2,45,8.25,Airparif,2024-12-23 00:00:00
2024-03-16 00:00:00,Gare de Lyon 5,17.3,23.8,14.8,14.4,50,5.92,Data.gouv.fr,2024-06-23 00:00:00
2024-10-10 00:00:00,Saint-Charles 3,16.3,11.0,22.5,4.0,45,4.99,Météo-France,2024-03-29 00:00:00
2024-01-14 00:00:00,Saint-Jean 9,25.7,27.1,13.2,11.9,110,6.42,Data.gouv.fr,2024-12-11 00:00:00
2024-01-21 00:00:00,Gare de l'Est 7,10.2,12.1,4.7,5.2,45,5.96,Data.gouv.fr,2024-05-13 00:00:00
2024-09-20 00:00:00,Part-Dieu 9,19.2,8.7,5.6,1.4,70,1.44,SNCF_Open_Data,2024-03-19 00:00:00
2024-10-03 00:00:00,Saint-Jean 6,17.7,19.1,27.3,5.0,80,4.45,Data.gouv.fr,2024-12-20 00:00:00
2024-01-30 00:00:00,Haussmann Saint-Lazare 4,26.3,9.9,13.6,9.0,50,2.25,Météo-France,2024-11-10 00:00:00
2024-01-25 00:00:00,Gare du Nord 7,8.9,13.2,23.9,12.5,130,1.72,Météo-France,2024-03-14 00:00:00
2024-06-15 00:00:00,Matabiau 5,9.1,20.7,19.8,8.5,130,8.14,RATP_Open_Data_2024,2024-01-21 00:00:00
2024-03-11 00:00:00,Saint-Jean 4,23.4,22.4,4.7,0.2,80,8.35,Météo-France,2024-04-20 00:00:00
2024-08-15 00:00:00,Saint-Jean 9,27.0,13.4,10.0,5.8,130,8.49,Airparif,2024-06-14 00:00:00
2024-02-24 00:00:00,Gare du Nord 3,15.9,26.9,13.6,12.4,70,2.91,Météo-France,2024-01-29 00:00:00
2024-05-31 00:00:00,Montparnasse 8,21.4,5.5,18.3,11.2,30,7.85,Data.gouv.fr,2024-10-14 00:00:00
2024-07-15 00:00:00,Saint-Jean 7,23.4,4.6,20.5,6.3,110,2.56,RATP_Open_Data_2024,2024-02-29 00:00:00
2024-04-15 00:00:00,Haussmann Saint-Lazare 2,23.9,7.7,22.7,12.0,50,7.57,Météo-France,2024-02-27 00:00:00
2024-02-22 00:00:00,Gare de Lyon 2,22.1,9.8,14.0,12.0,50,3.51,Météo-France,2024-12-10 00:00:00
2024-10-01 00:00:00,Gare du Nord 2,16.4,15.0,8.8,1.8,80,8.35,SNCF_Open_Data,2024-02-12 00:00:00
2024-05-09 00:00:00,Haussmann Saint-Lazare 1,24.3,20.4,16.1,12.6,70,6.35,SNCF_Open_Data,2024-11-19 00:00:00
2024-09-06 00:00:00,Gare de l'Est 4,14.7,14.2,5.9,13.7,70,4.66,Data.gouv.fr,2024-03-08 00:00:00
2024-10-01 00:00:00,Part-Dieu 2,22.8,24.5,18.5,14.3,50,8.03,Data.gouv.fr,2024-08-12 00:00:00
2024-02-17 00:00:00,Saint-Charles 9,8.8,17.3,8.3,6.2,110,8.26,Airparif,2024-09-13 00:00:00
2024-08-28 00:00:00,Gare de l'Est 4,24.1,15.1,25.8,4.5,50,5.4,Airparif,2024-12-12 00:00:00
2024-06-03 00:00:00,Gare de l'Est 2,5.9,26.8,23.1,1.5,70,2.29,Météo-France,2024-05-29 00:00:00
2024-08-22 00:00:00,Saint-Charles 4,4.8,20.2,27.4,2.5,30,4.83,Météo-France,2024-03-21 00:00:00
2024-03-10 00:00:00,Saint-Jean 2,11.4,11.5,12.6,2.5,30,4.25,Météo-France,2024-03-25 00:00:00
2024-09-17 00:00:00,Matabiau 7,26.2,4.6,14.8,8.0,130,7.5,RATP_Open_Data_2024,2024-07-01 00:00:00
2024-03-05 00:00:00,Saint-Jean 4,19.2,11.5,7.4,2.3,80,7.91,RATP_Open_Data_2024,2024-09-24 00:00:00
2024-06-03 00:00:00,Gare du Nord 5,26.2,14.7,14.6,2.0,110,4.68,SNCF_Open_Data,2024-08-24 00:00:00
2024-11-27 00:00:00,Montparnasse 3,5.1,8.1,27.1,4.3,70,6.95,Data.gouv.fr,2024-06-26 00:00:00
2024-03-06 00:00:00,Gare du Nord 2,7.9,16.3,13.5,7.6,110,4.01,RATP_Open_Data_2024,2024-08-20 00:00:00
2024-10-26 00:00:00,Gare de Lyon 1,16.1,27.3,24.7,9.2,110,6.7,Data.gouv.fr,2024-10-29 00:00:00
2024-02-27 00:00:00,Gare de Lyon 1,18.6,21.8,22.8,14.6,110,7.0,RATP_Open_Data_2024,2024-06-29 00:00:00
2024-10-11 00:00:00,Saint-Jean 2,23.3,10.4,8.9,12.0,80,5.66,SNCF_Open_Data,2024-12-11 00:00:00
2024-10-02 00:00:00,Haussmann Saint-Lazare 7,15.2,5.1,26.1,5.1,50,3.62,Data.gouv.fr,2024-08-05 00:00:00
2024-02-17 00:00:00,Montparnasse 6,8.7,24.5,8.1,1.9,70,2.7,Airparif,2024-03-05 00:00:00
2024-02-13 00:00:00,Matabiau 8,23.3,23.2,10.9,2.7,80,2.63,Météo-France,2024-03-26 00:00:00
2024-01-31 00:00:00,Montparnasse 6,20.3,10.6,19.4,2.3,50,3.27,SNCF_Open_Data,2024-08-25 00:00:00
2024-10-15 00:00:00,Montparnasse 3,5.7,18.1,10.2,3.7,50,6.32,SNCF_Open_Data,2024-06-20 00:00:00
2024-08-02 00:00:00,Part-Dieu 5,16.7,19.4,15.0,5.6,45,3.64,Data.gouv.fr,2024-05-08 00:00:00
2024-07-04 00:00:00,Matabiau 8,19.2,4.8,22.2,13.3,110,5.67,Météo-France,2024-04-05 00:00:00
2024-04-02 00:00:00,Gare de Lyon 5,22.9,25.1,27.0,8.9,50,2.07,SNCF_Open_Data,2024-03-23 00:00:00
2024-11-28 00:00:00,Saint-Jean 4,14.3,17.3,21.2,11.0,30,4.72,Airparif,2024-01-04 00:00:00
2024-09-23 00:00:00,Saint-Charles 2,6.7,18.2,20.7,1.7,70,7.18,Data.gouv.fr,2024-07-20 00:00:00
2024-05-15 00:00:00,Haussmann Saint-Lazare 5,21.5,19.8,13.3,14.0,30,5.26,Météo-France,2024-02-12 00:00:00
2024-07-31 00:00:00,Part-Dieu 7,13.1,14.8,26.9,5.7,80,3.49,RATP_Open_Data_2024,2024-01-12 00:00:00
2024-03-10 00:00:00,Saint-Charles 3,6.6,14.1,5.7,13.2,130,6.22,RATP_Open_Data_2024,2024-05-01 00:00:00
2024-04-28 00:00:00,Gare de l'Est 1,8.8,19.8,12.1,8.7,80,2.24,RATP_Open_Data_2024,2024-09-03 00:00:00
2024-06-24 00:00:00,Part-Dieu 9,15.4,24.3,10.6,1.3,80,5.19,Airparif,2024-11-07 00:00:00
2024-05-27 00:00:00,Haussmann Saint-Lazare 1,9.5,25.0,22.8,3.1,110,2.89,RATP_Open_Data_2024,2024-12-07 00:00:00
2024-09-02 00:00:00,Saint-Jean 7,23.1,5.6,20.9,7.8,45,3.32,RATP_Open_Data_2024,2024-04-10 00:00:00
2024-11-12 00:00:00,Gare de l'Est 8,8.4,25.8,27.0,9.1,30,6.5,Data.gouv.fr,2024-04-19 00:00:00
2024-05-19 00:00:00,Saint-Charles 5,19.9,7.9,5.3,1.7,70,1.52,Data.gouv.fr,2024-03-05 00:00:00
2024-09-02 00:00:00,Saint-Jean 7,21.3,16.6,14.3,11.1,70,1.62,Airparif,2024-03-13 00:00:00
2024-01-23 00:00:00,Gare de l'Est 9,18.4,12.0,14.6,6.7,30,4.88,RATP_Open_Data_2024,2024-02-20 00:00:00
2024-06-12 00:00:00,Saint-Charles 4,15.1,27.2,24.9,6.6,45,5.31,Météo-France,2024-03-13 00:00:00
2024-11-30 00:00:00,Montparnasse 7,8.0,11.8,24.5,10.1,70,5.0,Météo-France,2024-04-27 00:00:00
2024-02-21 00:00:00,Saint-Jean 2,26.2,16.3,22.7,9.8,70,8.12,RATP_Open_Data_2024,2024-04-16 00:00:00
2024-02-15 00:00:00,Saint-Charles 6,7.4,14.2,15.2,2.5,80,7.17,RATP_Open_Data_2024,2024-01-26 00:00:00
2024-06-28 00:00:00,Gare du Nord 2,10.7,21.7,11.2,3.7,80,5.15,Data.gouv.fr,2024-04-12 00:00:00
2024-11-26 00:00:00,Gare de Lyon 4,7.5,22.9,17.4,7.2,70,5.6,Airparif,2024-01-26 00:00:00
2024-05-04 00:00:00,Gare du Nord 6,10.0,11.2,25.0,13.3,45,3.86,SNCF_Open_Data,2024-09-08 00:00:00
2024-06-02 00:00:00,Haussmann Saint-Lazare 4,18.2,10.8,9.7,0.2,45,6.81,Airparif,2024-11-01 00:00:00
2024-10-30 00:00:00,Matabiau 8,17.1,9.0,16.0,11.0,80,1.65,Météo-France,2024-08-24 00:00:00
2024-03-14 00:00:00,Haussmann Saint-Lazare 9,6.7,23.4,11.5,7.9,30,5.56,Météo-France,2024-07-07 00:00:00
2024-01-13 00:00:00,Saint-Charles 6,26.3,9.5,19.7,9.6,110,4.46,Météo-France,2024-09-05 00:00:00
2024-05-14 00:00:00,Gare de Lyon 2,25.2,22.2,24.6,10.3,50,7.55,RATP_Open_Data_2024,2024-12-03 00:00:00
2024-09-09 00:00:00,Gare de l'Est 8,13.7,22.5,23.3,13.0,50,1.41,SNCF_Open_Data,2024-08-20 00:00:00
2024-01-17 00:00:00,Gare de l'Est 7,15.9,17.2,24.4,6.3,70,4.27,Data.gouv.fr,2024-01-26 00:00:00
2024-05-28 00:00:00,Gare de Lyon 4,20.9,14.1,7.2,11.6,80,1.54,Data.gouv.fr,2024-08-11 00:00:00
2024-10-06 00:00:00,Part-Dieu 4,15.9,6.5,6.1,1.3,45,2.61,Airparif,2024-04-09 00:00:00
2024-04-10 00:00:00,Part-Dieu 2,7.1,17.2,16.4,3.2,110,7.48,Data.gouv.fr,2024-08-05 00:00:00
2024-12-18 00:00:00,Gare de l'Est 1,5.8,11.2,17.9,6.8,45,8.4,Data.gouv.fr,2024-05-09 00:00:00
2024-12-25 00:00:00,Matabiau 6,19.4,25.0,22.7,8.5,50,5.34,Airparif,2024-05-28 00:00:00
2024-05-03 00:00:00,Gare du Nord 4,7.1,11.9,13.2,1.2,110,4.33,Data.gouv.fr,2024-07-30 00:00:00
2024-01-24 00:00:00,Gare de Lyon 5,16.7,24.1,17.9,5.3,80,2.1,Data.gouv.fr,2024-04-24 00:00:00
2024-04-04 00:00:00,Saint-Jean 4,7.3,25.9,9.5,7.9,130,8.39,Météo-France,2024-01-27 00:00:00
2024-01-15 00:00:00,Matabiau 6,14.4,5.3,15.7,10.4,130,4.29,RATP_Open_Data_2024,2024-11-23 00:00:00
2024-02-07 00:00:00,Gare du Nord 1,13.4,21.9,9.9,13.6,110,3.72,Météo-France,2024-05-24 00:00:00
2024-09-12 00:00:00,Haussmann Saint-Lazare 1,16.5,4.5,21.9,2.0,30,5.75,Airparif,2024-04-24 00:00:00
2024-05-22 00:00:00,Montparnasse 4,10.6,15.7,14.0,14.0,110,4.1,RATP_Open_Data_2024,2024-08-22 00:00:00
2024-11-10 00:00:00,Part-Dieu 5,8.8,4.7,16.6,1.9,30,5.74,RATP_Open_Data_2024,2024-08-03 00:00:00
2024-05-11 00:00:00,Saint-Jean 6,17.2,20.4,21.8,10.4,30,2.76,Météo-France,2024-08-12 00:00:00
2024-04-25 00:00:00,Saint-Jean 4,5.5,9.6,15.1,6.6,50,3.08,RATP_Open_Data_2024,2024-06-27 00:00:00
2024-05-09 00:00:00,Saint-Charles 6,7.0,11.6,7.7,11.0,45,6.4,Data.gouv.fr,2024-05-22 00:00:00
2024-02-25 00:00:00,Haussmann Saint-Lazare 3,7.9,4.9,16.4,14.5,80,2.46,Météo-France,2024-01-19 00:00:00
2024-09-08 00:00:00,Gare de Lyon 1,16.5,23.3,25.6,3.2,110,7.15,Météo-France,2024-08-07 00:00:00
2024-09-14 00:00:00,Saint-Charles 8,24.4,26.7,17.0,13.7,80,1.99,Airparif,2024-07-14 00:00:00
2024-07-20 00:00:00,Gare de Lyon 8,16.1,6.6,10.5,13.7,45,8.61,Data.gouv.fr,2024-08-23 00:00:00
2024-07-27 00:00:00,Gare du Nord 2,25.3,7.7,10.9,3.7,45,8.61,Data.gouv.fr,2024-07-06 00:00:00
2024-08-27 00:00:00,Haussmann Saint-Lazare 6,26.0,8.9,17.1,4.7,80,4.26,Data.gouv.fr,2024-11-27 00:00:00
2024-01-06 00:00:00,Matabiau 2,18.5,12.2,24.6,8.5,70,7.69,Airparif,2024-01-30 00:00:00
2024-02-01 00:00:00,Gare du Nord 3,20.3,5.7,9.3,13.9,45,7.0,SNCF_Open_Data,2024-11-13 00:00:00
2024-11-02 00:00:00,Gare de l'Est 4,13.1,5.4,26.8,3.2,130,6.0,Airparif,2024-06-21 00:00:00
2024-08-16 00:00:00,Part-Dieu 7,20.9,10.5,4.7,6.6,45,1.27,SNCF_Open_Data,2024-04-26 00:00:00
2024-02-02 00:00:00,Gare du Nord 3,19.9,15.2,5.6,2.0,50,1.69,SNCF_Open_Data,2024-07-11 00:00:00
2024-10-23 00:00:00,Haussmann Saint-Lazare 5,21.9,4.5,13.0,8.8,70,6.01,Airparif,2024-06-07 00:00:00
2024-08-04 00:00:00,Matabiau 2,9.5,25.0,22.8,6.4,110,7.17,RATP_Open_Data_2024,2024-05-02 00:00:00
2024-01-01 00:00:00,Gare du Nord 3,19.6,20.7,27.2,4.4,130,7.34,Météo-France,2024-12-05 00:00:00
2024-12-05 00:00:00,Matabiau 6,7.9,15.8,15.8,14.2,30,5.82,Data.gouv.fr,2024-07-24 00:00:00
2024-01-04 00:00:00,Gare du Nord 1,14.9,16.1,9.2,2.8,130,7.33,Data.gouv.fr,2024-05-21 00:00:00
2024-07-12 00:00:00,Gare de l'Est 8,22.1,22.1,11.2,2.4,45,1.34,RATP_Open_Data_2024,2024-06-03 00:00:00
2024-02-17 00:00:00,Matabiau 5,8.8,24.9,15.2,10.9,80,6.15,Météo-France,2024-10-11 00:00:00
2024-12-10 00:00:00,Gare du Nord 6,21.7,22.7,20.2,8.8,70,5.04,Météo-France,2024-08-19 00:00:00
2024-08-23 00:00:00,Montparnasse 7,7.1,13.5,21.6,1.2,110,8.27,Météo-France,2024-10-13 00:00:00
2024-05-27 00:00:00,Gare du Nord 9,11.9,16.5,5.8,12.2,110,6.17,Météo-France,2024-04-12 00:00:00
2024-09-27 00:00:00,Saint-Charles 8,26.1,13.6,25.5,2.4,110,3.16,RATP_Open_Data_2024,2024-10-17 00:00:00
2024-06-17 00:00:00,Gare du Nord 2,15.5,25.2,18.6,7.3,50,3.82,Airparif,2024-08-11 00:00:00
2024-01-02 00:00:00,Haussmann Saint-Lazare 7,24.0,11.3,14.1,2.1,45,5.42,Météo-France,2024-07-14 00:00:00
2024-05-26 00:00:00,Part-Dieu 2,21.9,20.0,27.1,13.1,30,4.78,SNCF_Open_Data,2024-06-06 00:00:00
2024-03-19 00:00:00,Montparnasse 4,14.9,20.4,7.8,10.4,45,2.85,Data.gouv.fr,2024-04-28 00:00:00
2024-03-05 00:00:00,Gare de l'Est 6,23.1,6.7,15.9,0.3,80,5.34,Airparif,2024-02-12 00:00:00
2024-08-07 00:00:00,Matabiau 5,4.7,6.3,10.5,0.8,130,5.98,Météo-France,2024-05-24 00:00:00
2024-09-29 00:00:00,Matabiau 5,12.7,19.4,21.1,12.8,45,6.98,SNCF_Open_Data,2024-05-27 00:00:00
2024-08-19 00:00:00,Gare du Nord 7,13.6,25.5,6.2,11.8,50,5.07,Airparif,2024-12-06 00:00:00
2024-03-17 00:00:00,Haussmann Saint-Lazare 8,4.9,17.5,15.6,13.4,30,4.13,RATP_Open_Data_2024,2024-07-04 00:00:00
2024-02-28 00:00:00,Gare de l'Est 9,21.9,25.9,7.2,2.0,30,3.66,SNCF_Open_Data,2024-05-02 00:00:00
2024-01-22 00:00:00,Haussmann Saint-Lazare 8,25.1,23.6,23.5,8.2,30,1.92,Data.gouv.fr,2024-03-25 00:00:00
2024-11-01 00:00:00,Gare du Nord 7,23.8,27.1,18.7,0.7,70,6.43,Data.gouv.fr,2024-08-31 00:00:00
2024-02-17 00:00:00,Haussmann Saint-Lazare 2,7.0,13.3,9.1,13.9,50,8.07,Data.gouv.fr,2024-10-27 00:00:00
2024-01-12 00:00:00,Saint-Charles 9,26.2,20.3,15.8,14.8,45,5.7,Météo-France,2024-12-11 00:00:00
2024-05-01 00:00:00,Matabiau 1,8.1,22.2,9.2,10.5,80,2.27,SNCF_Open_Data,2024-08-03 00:00:00
2024-08-09 00:00:00,Gare de Lyon 6,6.5,7.8,22.7,0.4,70,1.78,RATP_Open_Data_2024,2024-01-12 00:00:00
2024-11-21 00:00:00,Part-Dieu 4,5.9,25.5,16.8,8.0,130,3.94,RATP_Open_Data_2024,2024-09-14 00:00:00
2024-12-17 00:00:00,Saint-Charles 6,12.4,20.3,14.3,5.8,70,3.88,RATP_Open_Data_2024,2024-04-11 00:00:00
2024-01-26 00:00:00,Haussmann Saint-Lazare 5,20.9,23.3,6.2,14.6,110,4.28,RATP_Open_Data_2024,2024-03-23 00:00:00
2024-10-11 00:00:00,Saint-Jean 1,16.8,13.0,25.4,1.9,80,8.15,RATP_Open_Data_2024,2024-12-11 00:00:00
2024-10-10 00:00:00,Gare de l'Est 1,11.7,7.7,5.6,0.4,45,4.49,Airparif,2024-09-21 00:00:00
2024-09-06 00:00:00,Gare du Nord 4,9.4,7.5,16.2,14.4,80,2.95,Airparif,2024-12-02 00:00:00
2024-05-13 00:00:00,Gare de Lyon 2,23.8,17.7,7.4,2.6,130,6.32,Data.gouv.fr,2024-08-12 00:00:00
2024-11-11 00:00:00,Matabiau 3,26.0,5.6,23.1,12.4,70,1.28,SNCF_Open_Data,2024-12-10 00:00:00
2024-04-11 00:00:00,Saint-Jean 3,14.8,11.9,10.0,2.4,70,8.73,Data.gouv.fr,2024-01-10 00:00:00
2024-01-05 00:00:00,Haussmann Saint-Lazare 7,17.3,25.7,15.8,8.7,80,4.97,SNCF_Open_Data,2024-06-10 00:00:00
2024-03-20 00:00:00,Saint-Jean 8,7.3,17.1,23.9,1.9,110,1.5,Météo-France,2024-06-29 00:00:00
2024-03-13 00:00:00,Gare de Lyon 4,5.7,22.1,13.7,11.8,110,3.94,Météo-France,2024-09-02 00:00:00
2024-08-24 00:00:00,Gare de l'Est 1,9.3,16.7,25.4,6.8,80,2.19,RATP_Open_Data_2024,2024-09-29 00:00:00
2024-06-16 00:00:00,Gare de Lyon 8,16.3,27.2,16.8,13.9,80,2.54,Météo-France,2024-10-21 00:00:00
2024-02-22 00:00:00,Haussmann Saint-Lazare 8,27.4,19.4,16.3,0.9,30,7.49,Data.gouv.fr,2024-04-24 00:00:00
2024-10-04 00:00:00,Montparnasse 9,7.5,12.9,21.8,7.8,130,6.09,Data.gouv.fr,2024-08-04 00:00:00
2024-10-21 00:00:00,Matabiau 2,21.4,15.4,6.1,11.1,130,6.86,Météo-France,2024-03-27 00:00:00
2024-05-23 00:00:00,Saint-Jean 6,27.4,13.7,7.8,13.5,70,7.77,Airparif,2024-06-26 00:00:00
2024-12-08 00:00:00,Saint-Charles 2,27.1,22.7,26.9,8.5,80,6.81,Data.gouv.fr,2024-11-27 00:00:00
2024-05-08 00:00:00,Saint-Charles 4,20.0,20.9,11.9,5.7,80,7.69,RATP_Open_Data_2024,2024-02-02 00:00:00
2024-04-09 00:00:00,Saint-Charles 7,24.3,18.8,12.2,1.1,110,2.58,SNCF_Open_Data,2024-11-28 00:00:00
2024-02-09 00:00:00,Part-Dieu 7,18.4,16.7,4.7,9.2,45,6.82,Data.gouv.fr,2024-04-19 00:00:00
2024-11-28 00:00:00,Montparnasse 7,22.7,23.5,13.3,7.1,45,7.51,SNCF_Open_Data,2024-11-11 00:00:00
2024-11-18 00:00:00,Montparnasse 8,16.8,6.4,16.6,3.2,80,2.44,Data.gouv.fr,2024-08-14 00:00:00
2024-02-07 00:00:00,Haussmann Saint-Lazare 7,10.9,23.0,8.7,4.8,110,4.63,Airparif,2024-02-28 00:00:00
2024-09-18 00:00:00,Gare de Lyon 9,25.0,6.2,11.7,13.9,130,4.94,Data.gouv.fr,2024-06-09 00:00:00
2024-11-05 00:00:00,Gare de l'Est 1,16.8,16.0,5.4,11.1,80,8.79,Airparif,2024-07-12 00:00:00
2024-04-26 00:00:00,Gare du Nord 8,27.2,7.3,8.7,6.6,80,8.33,SNCF_Open_Data,2024-08-17 00:00:00
2024-01-22 00:00:00,Gare de Lyon 5,26.8,5.2,13.7,14.7,70,2.8,Météo-France,2024-01-15 00:00:00
2024-09-15 00:00:00,Saint-Charles 7,16.1,25.0,23.0,10.3,70,6.7,SNCF_Open_Data,2024-01-19 00:00:00
2024-02-24 00:00:00,Gare de l'Est 3,4.6,24.6,22.6,5.7,50,2.22,Météo-France,2024-03-09 00:00:00
2024-10-28 00:00:00,Haussmann Saint-Lazare 4,15.0,15.7,8.1,3.9,50,2.31,SNCF_Open_Data,2024-06-13 00:00:00
2024-11-04 00:00:00,Saint-Charles 8,21.4,11.3,17.1,9.6,130,6.32,RATP_Open_Data_2024,2024-02-02 00:00:00
2024-01-25 00:00:00,Part-Dieu 7,23.3,11.8,13.7,13.6,45,5.09,SNCF_Open_Data,2024-11-27 00:00:00
2024-10-29 00:00:00,Montparnasse 7,5.5,5.6,24.4,5.9,80,5.0,SNCF_Open_Data,2024-04-09 00:00:00
2024-11-10 00:00:00,Matabiau 7,27.2,11.1,22.9,12.5,80,7.61,Data.gouv.fr,2024-12-15 00:00:00
2024-12-26 00:00:00,Part-Dieu 6,8.7,14.3,21.6,8.1,50,1.47,RATP_Open_Data_2024,2024-05-13 00:00:00
2024-03-08 00:00:00,Gare de l'Est 1,4.7,25.7,22.9,7.3,80,4.16,Météo-France,2024-07-06 00:00:00
2024-12-18 00:00:00,Saint-Jean 8,4.6,21.4,19.3,3.1,30,3.32,SNCF_Open_Data,2024-12-16 00:00:00
2024-11-08 00:00:00,Gare de Lyon 5,22.6,5.2,19.9,11.9,70,3.43,Data.gouv.fr,2024-12-04 00:00:00
2024-12-21 00:00:00,Haussmann Saint-Lazare 6,21.9,20.4,16.3,9.1,110,8.64,Data.gouv.fr,2024-12-07 00:00:00
2024-02-14 00:00:00,Part-Dieu 5,14.9,16.6,27.3,9.7,45,2.49,Airparif,2024-02-20 00:00:00
2024-12-21 00:00:00,Part-Dieu 3,9.8,10.8,22.8,4.6,70,6.84,RATP_Open_Data_2024,2024-05-03 00:00:00
2024-12-03 00:00:00,Matabiau 4,24.8,22.3,12.7,5.7,80,2.88,RATP_Open_Data_2024,2024-06-27 00:00:00
2024-04-16 00:00:00,Saint-Jean 2,6.7,19.9,25.1,3.1,130,7.03,Météo-France,2024-05-31 00:00:00
2024-12-08 00:00:00,Gare du Nord 6,17.0,24.9,26.6,9.3,130,7.93,Météo-France,2024-01-15 00:00:00
2024-01-29 00:00:00,Gare de Lyon 3,16.8,21.8,19.3,10.7,110,4.56,Data.gouv.fr,2024-05-18 00:00:00
2024-01-29 00:00:00,Saint-Charles 7,11.2,4.7,27.0,6.9,45,4.66,RATP_Open_Data_2024,2024-06-22 00:00:00
2024-03-20 00:00:00,Gare du Nord 5,20.4,26.3,15.9,13.5,50,2.3,Airparif,2024-07-01 00:00:00
2024-07-07 00:00:00,Saint-Jean 8,12.3,9.4,26.5,4.9,45,8.37,Airparif,2024-04-10 00:00:00
2024-06-30 00:00:00,Gare du Nord 7,6.6,13.2,13.0,6.8,70,8.12,RATP_Open_Data_2024,2024-10-20 00:00:00
2024-02-25 00:00:00,Haussmann Saint-Lazare 9,21.2,23.1,21.5,8.0,110,7.75,Data.gouv.fr,2024-01-28 00:00:00
