col_date,col_prix,col_carburant,col_adresse,col_ville,col_code_postal,col_region,col_latitude,col_longitude,col_source,col_date_collecte
2024-09-08 00:00:00,1.708,7.05,6.49,Paris,2.24,Auvergne-Rhône-Alpes,50.594428,-0.594443,Météo-France,2024-09-30 00:00:00
2024-10-04 00:00:00,1.925,6.66,7.08,Strasbourg,6.66,Provence-Alpes-Côte d'Azur,49.952019,1.124942,SNCF_Open_Data,2024-06-28 00:00:00
2024-08-06 00:00:00,1.977,2.96,5.06,Lille,6.2,Hauts-de-France,46.938134,2.764271,RATP_Open_Data_2024,2024-12-16 00:00:00
2024-05-24 00:00:00,1.754,8.67,4.64,Lille,5.08,Nouvelle-Aquitaine,45.742848,4.855401,SNCF_Open_Data,2024-06-23 00:00:00
2024-04-21 00:00:00,1.806,1.26,7.34,Strasbourg,3.7,Normandie,48.554668,6.252071,SNCF_Open_Data,2024-08-10 00:00:00
2024-06-21 00:00:00,1.728,1.73,7.3,Nantes,4.24,Nouvelle-Aquitaine,50.977543,0.363742,SNCF_Open_Data,2024-10-07 00:00:00
2024-01-13 00:00:00,1.786,4.9,8.05,Marseille,6.14,Hauts-de-France,48.702763,5.006755,Data.gouv.fr,2024-10-23 00:00:00
2024-11-25 00:00:00,1.776,3.65,3.89,Nantes,5.61,Hauts-de-France,47.53573,-0.134328,RATP_Open_Data_2024,2024-04-24 00:00:00
2024-04-12 00:00:00,1.777,7.08,7.71,Lyon,7.78,Île-de-France,51.144474,-0.434218,Airparif,2024-03-31 00:00:00
2024-02-06 00:00:00,1.8,2.03,7.47,Strasbourg,7.28,Normandie,50.362548,4.608548,SNCF_Open_Data,2024-12-12 00:00:00
2024-10-05 00:00:00,1.834,2.69,6.66,Lyon,8.35,Provence-Alpes-Côte d'Azur,49.244736,2.663371,SNCF_Open_Data,2024-02-03 00:00:00
2024-09-17 00:00:00,1.916,7.33,8.35,Strasbourg,3.11,Normandie,47.653246,3.829394,Airparif,2024-07-04 00:00:00
2024-09-16 00:00:00,1.697,3.09,3.27,Paris,1.37,Provence-Alpes-Côte d'Azur,48.366267,2.403331,Airparif,2024-10-11 00:00:00
2024-12-25 00:00:00,1.693,3.21,2.65,Lille,8.53,Nouvelle-Aquitaine,45.607003,3.541852,SNCF_Open_Data,2024-08-07 00:00:00
2024-08-10 00:00:00,1.902,8.39,5.72,Marseille,7.8,Occitanie,51.8016,2.781269,Data.gouv.fr,2024-01-27 00:00:00
2024-08-07 00:00:00,1.702,8.31,5.82,Bordeaux,7.28,Grand Est,46.845261,0.878089,Data.gouv.fr,2024-07-19 00:00:00
2024-11-01 00:00:00,1.833,4.07,3.86,Marseille,5.07,Occitanie,49.722083,-0.380145,Data.gouv.fr,2024-01-11 00:00:00
2024-01-28 00:00:00,1.883,7.57,5.29,Bordeaux,5.23,Provence-Alpes-Côte d'Azur,47.322073,0.911183,RATP_Open_Data_2024,2024-12-16 00:00:00
2024-08-01 00:00:00,1.839,1.83,1.93,Toulouse,5.5,Île-de-France,50.002214,2.751496,Data.gouv.fr,2024-09-18 00:00:00
2024-12-11 00:00:00,1.751,2.62,3.41,Nantes,6.2,Provence-Alpes-Côte d'Azur,52.808767,0.332116,Airparif,2024-11-29 00:00:00
2024-10-17 00:00:00,1.88,5.98,7.15,Paris,4.55,Auvergne-Rhône-Alpes,45.822025,4.230777,Data.gouv.fr,2024-12-06 00:00:00
2024-10-25 00:00:00,1.848,1.23,5.72,Nice,6.13,Grand Est,49.44942,5.349863,Météo-France,2024-07-19 00:00:00
2024-07-20 00:00:00,1.941,1.76,8.48,Lille,8.74,Bretagne,45.656525,3.330499,SNCF_Open_Data,2024-06-18 00:00:00
2024-12-22 00:00:00,1.811,1.43,5.22,Strasbourg,2.72,Nouvelle-Aquitaine,49.639275,5.366517,Data.gouv.fr,2024-10-22 00:00:00
2024-12-06 00:00:00,1.812,4.85,5.75,Strasbourg,1.53,Provence-Alpes-Côte d'Azur,52.509309,2.33076,RATP_Open_Data_2024,2024-02-19 00:00:00
2024-03-25 00:00:00,1.794,5.51,4.7,Bordeaux,6.31,Nouvelle-Aquitaine,45.438133,5.801439,Airparif,2024-11-29 00:00:00
2024-06-03 00:00:00,1.811,5.28,7.05,Toulouse,3.93,Grand Est,50.479782,5.57,Airparif,2024-04-20 00:00:00
2024-11-17 00:00:00,1.897,2.06,5.53,Bordeaux,4.2,Pays de la Loire,51.615008,0.455641,Data.gouv.fr,2024-09-20 00:00:00
2024-08-26 00:00:00,1.694,1.47,8.49,Lyon,1.25,Bretagne,50.623987,5.025391,Météo-France,2024-02-21 00:00:00
2024-04-24 00:00:00,1.924,2.82,6.05,Strasbourg,3.73,Occitanie,47.71672,5.51854,Data.gouv.fr,2024-07-02 00:00:00
2024-12-14 00:00:00,1.918,7.18,2.36,Bordeaux,5.34,Pays de la Loire,46.637201,5.922128,SNCF_Open_Data,2024-01-25 00:00:00
2024-04-03 00:00:00,1.737,5.8,8.58,Montpellier,4.4,Auvergne-Rhône-Alpes,45.828608,4.040873,SNCF_Open_Data,2024-06-26 00:00:00
2024-03-17 00:00:00,1.812,3.87,1.99,Bordeaux,3.02,Pays de la Loire,45.917542,0.126592,Data.gouv.fr,2024-10-17 00:00:00
2024-05-28 00:00:00,1.698,8.47,8.2,Nice,1.5,Hauts-de-France,50.054254,0.864071,RATP_Open_Data_2024,2024-01-03 00:00:00
2024-03-27 00:00:00,1.779,3.18,5.8,Lyon,6.14,Occitanie,49.373898,0.321276,SNCF_Open_Data,2024-01-10 00:00:00
2024-02-18 00:00:00,1.865,3.36,3.58,Lille,3.14,Auvergne-Rhône-Alpes,50.323722,2.247874,Data.gouv.fr,2024-06-17 00:00:00
2024-04-26 00:00:00,1.779,6.39,4.71,Montpellier,3.9,Occitanie,47.299406,4.563641,Data.gouv.fr,2024-08-13 00:00:00
2024-12-22 00:00:00,1.946,1.96,2.01,Strasbourg,4.54,Pays de la Loire,52.331032,2.513464,RATP_Open_Data_2024,2024-02-19 00:00:00
2024-08-19 00:00:00,1.861,3.93,1.62,Toulouse,2.03,Grand Est,46.188988,4.696567,Airparif,2024-04-17 00:00:00
2024-03-16 00:00:00,1.858,5.55,5.53,Nice,5.05,Pays de la Loire,51.148159,5.689946,SNCF_Open_Data,2024-08-11 00:00:00
2024-12-12 00:00:00,1.887,4.81,3.56,Montpellier,4.97,Île-de-France,45.343605,-0.883501,Data.gouv.fr,2024-08-23 00:00:00
2024-08-24 00:00:00,1.839,2.51,4.22,Montpellier,7.8,Occitanie,46.195063,1.995605,Data.gouv.fr,2024-04-14 00:00:00
2024-01-26 00:00:00,1.924,4.67,7.6,Toulouse,7.45,Pays de la Loire,51.559372,0.954464,RATP_Open_Data_2024,2024-06-08 00:00:00
2024-07-06 00:00:00,1.801,8.61,7.17,Nice,8.64,Grand Est,50.579704,2.006525,Data.gouv.fr,2024-09-11 00:00:00
2024-03-31 00:00:00,1.891,2.02,6.87,Nice,5.02,Pays de la Loire,50.093614,2.134114,Météo-France,2024-11-27 00:00:00
2024-10-22 00:00:00,1.855,5.69,4.17,Bordeaux,3.78,Grand Est,51.767253,4.660765,SNCF_Open_Data,2024-12-16 00:00:00
2024-03-17 00:00:00,1.886,1.39,1.68,Nice,6.71,Grand Est,46.226405,1.025098,SNCF_Open_Data,2024-12-20 00:00:00
2024-05-03 00:00:00,1.948,6.69,8.17,Lille,2.78,Normandie,48.116654,3.927072,Météo-France,2024-07-24 00:00:00
2024-02-02 00:00:00,1.72,8.1,2.72,Paris,4.71,Bretagne,49.625811,-1.201134,SNCF_Open_Data,2024-09-16 00:00:00
2024-05-25 00:00:00,1.697,6.33,2.72,Marseille,4.82,Provence-Alpes-Côte d'Azur,52.680771,-1.18784,SNCF_Open_Data,2024-06-08 00:00:00
2024-04-15 00:00:00,1.787,7.44,5.36,Marseille,6.95,Hauts-de-France,45.605299,4.515454,Data.gouv.fr,2024-04-02 00:00:00
2024-01-29 00:00:00,1.785,3.81,4.69,Marseille,4.95,Île-de-France,47.700903,2.860927,SNCF_Open_Data,2024-03-27 00:00:00
2024-09-23 00:00:00,1.726,5.61,8.68,Nice,4.79,Hauts-de-France,47.312403,-0.216622,Météo-France,2024-08-28 00:00:00
2024-03-01 00:00:00,1.686,7.89,5.1,Strasbourg,6.88,Île-de-France,51.389647,5.735385,Airparif,2024-01-06 00:00:00
2024-10-16 00:00:00,1.77,4.12,1.88,Bordeaux,2.59,Occitanie,48.716359,-0.278761,Météo-France,2024-12-18 00:00:00
2024-09-23 00:00:00,1.75,3.11,5.87,Nice,2.68,Pays de la Loire,44.936516,-0.405737,RATP_Open_Data_2024,2024-12-26 00:00:00
2024-01-20 00:00:00,1.749,4.27,4.48,Lille,7.07,Auvergne-Rhône-Alpes,47.913593,-0.146413,Airparif,2024-05-26 00:00:00
2024-04-10 00:00:00,1.866,6.16,4.67,Marseille,2.38,Normandie,47.542454,2.566463,Data.gouv.fr,2024-06-18 00:00:00
2024-07-05 00:00:00,1.878,1.32,6.09,Bordeaux,4.72,Nouvelle-Aquitaine,49.74894,-1.399771,Data.gouv.fr,2024-04-07 00:00:00
2024-07-16 00:00:00,1.811,6.46,3.29,Bordeaux,5.77,Pays de la Loire,46.180109,6.223767,RATP_Open_Data_2024,2024-09-24 00:00:00
2024-07-06 00:00:00,1.757,1.24,7.67,Toulouse,7.01,Nouvelle-Aquitaine,52.731919,2.125804,Météo-France,2024-04-17 00:00:00
2024-12-11 00:00:00,1.908,4.74,4.46,Nice,7.97,Bretagne,46.786239,-0.984686,Airparif,2024-08-02 00:00:00
2024-04-25 00:00:00,1.95,2.7,6.7,Strasbourg,6.35,Provence-Alpes-Côte d'Azur,52.000898,1.155415,Airparif,2024-08-21 00:00:00
2024-08-20 00:00:00,1.937,2.04,7.69,Montpellier,1.34,Provence-Alpes-Côte d'Azur,45.283,2.816356,Data.gouv.fr,2024-02-20 00:00:00
2024-12-11 00:00:00,1.865,7.56,3.33,Lille,6.17,Provence-Alpes-Côte d'Azur,51.178476,0.069153,Data.gouv.fr,2024-08-02 00:00:00
2024-11-07 00:00:00,1.785,6.42,4.76,Toulouse,6.8,Île-de-France,51.501366,6.319754,Météo-France,2024-10-14 00:00:00
2024-01-02 00:00:00,1.842,8.32,2.96,Bordeaux,7.65,Grand Est,48.927756,0.536519,RATP_Open_Data_2024,2024-01-14 00:00:00
2024-09-13 00:00:00,1.958,4.26,1.85,Paris,1.65,Provence-Alpes-Côte d'Azur,50.366321,1.015956,Airparif,2024-04-10 00:00:00
2024-11-06 00:00:00,1.983,6.9,5.2,Montpellier,1.93,Bretagne,46.292229,5.674405,Météo-France,2024-02-29 00:00:00
2024-08-24 00:00:00,1.73,6.64,1.99,Strasbourg,6.01,Normandie,48.139155,-0.999749,Airparif,2024-07-04 00:00:00
2024-08-05 00:00:00,1.689,2.74,3.64,Lyon,2.87,Hauts-de-France,49.000761,5.998029,RATP_Open_Data_2024,2024-05-24 00:00:00
2024-03-31 00:00:00,1.708,7.59,3.02,Marseille,7.79,Provence-Alpes-Côte d'Azur,50.40171,5.501134,SNCF_Open_Data,2024-12-17 00:00:00
2024-04-25 00:00:00,1.844,7.83,4.63,Lyon,2.89,Provence-Alpes-Côte d'Azur,46.677725,-0.545697,Airparif,2024-10-19 00:00:00
2024-06-23 00:00:00,1.858,7.61,5.98,Lyon,2.3,Île-de-France,48.164155,5.245249,Data.gouv.fr,2024-11-14 00:00:00
2024-12-09 00:00:00,1.846,4.7,4.28,Paris,7.17,Nouvelle-Aquitaine,52.835572,-1.486245,Data.gouv.fr,2024-11-24 00:00:00
2024-09-10 00:00:00,1.807,3.27,7.31,Lyon,5.71,Grand Est,46.745211,3.81605,RATP_Open_Data_2024,2024-01-22 00:00:00
2024-02-21 00:00:00,1.739,1.74,4.59,Lyon,7.09,Pays de la Loire,51.669194,1.208281,Data.gouv.fr,2024-08-26 00:00:00
2024-02-08 00:00:00,1.958,5.33,3.23,Lyon,1.53,Hauts-de-France,44.905836,4.69293,RATP_Open_Data_2024,2024-02-11 00:00:00
2024-11-06 00:00:00,1.919,1.42,7.3,Bordeaux,8.1,Bretagne,46.130398,-0.823132,Airparif,2024-05-21 00:00:00
2024-04-29 00:00:00,1.717,4.1,5.17,Nice,5.04,Normandie,46.324294,6.145554,Météo-France,2024-09-29 00:00:00
2024-10-30 00:00:00,1.723,3.82,4.09,Nantes,3.72,Bretagne,51.298709,5.778722,Airparif,2024-11-01 00:00:00
2024-03-09 00:00:00,1.813,8.69,4.34,Bordeaux,5.27,Nouvelle-Aquitaine,44.935075,2.599667,Météo-France,2024-08-31 00:00:00
2024-09-19 00:00:00,1.763,1.69,1.88,Lille,1.78,Hauts-de-France,51.233701,1.604195,SNCF_Open_Data,2024-03-04 00:00:00
2024-05-22 00:00:00,1.797,7.02,5.96,Strasbourg,5.51,Île-de-France,46.721971,0.717461,Météo-France,2024-08-18 00:00:00
2024-09-16 00:00:00,1.751,8.45,7.34,Toulouse,5.03,Bretagne,45.281728,4.528548,Météo-France,2024-10-20 00:00:00
2024-12-05 00:00:00,1.899,4.23,6.13,Lille,5.0,Normandie,47.832412,4.069432,Météo-France,2024-01-27 00:00:00
2024-08-08 00:00:00,1.855,3.73,2.75,Toulouse,4.63,Pays de la Loire,46.734626,2.274238,Météo-France,2024-02-11 00:00:00
2024-08-08 00:00:00,1.884,7.9,2.19,Lille,7.43,Occitanie,50.928874,1.212481,SNCF_Open_Data,2024-09-17 00:00:00
2024-01-26 00:00:00,1.855,3.99,6.13,Montpellier,4.53,Bretagne,52.798937,-0.093863,SNCF_Open_Data,2024-08-11 00:00:00
2024-05-13 00:00:00,1.831,5.16,7.29,Nantes,5.53,Bretagne,50.479482,3.471851,Data.gouv.fr,2024-10-19 00:00:00
2024-01-11 00:00:00,1.845,8.16,2.35,Toulouse,2.08,Occitanie,52.508841,3.182992,RATP_Open_Data_2024,2024-12-12 00:00:00
2024-03-24 00:00:00,1.699,6.89,5.15,Marseille,3.14,Nouvelle-Aquitaine,45.081138,0.56625,RATP_Open_Data_2024,2024-09-27 00:00:00
2024-05-01 00:00:00,1.781,8.43,3.31,Paris,7.19,Pays de la Loire,51.780741,3.635131,Data.gouv.fr,2024-09-21 00:00:00
2024-07-16 00:00:00,1.924,4.21,3.19,Bordeaux,3.79,Provence-Alpes-Côte d'Azur,52.721371,2.625868,Météo-France,2024-05-22 00:00:00
2024-11-27 00:00:00,1.789,2.96,3.03,Bordeaux,7.4,Auvergne-Rhône-Alpes,48.127476,0.647229,Data.gouv.fr,2024-09-16 00:00:00
2024-06-29 00:00:00,1.863,7.77,6.39,Toulouse,3.53,Pays de la Loire,51.832795,5.869385,SNCF_Open_Data,2024-07-25 00:00:00
2024-02-15 00:00:00,1.939,2.62,8.36,Strasbourg,1.95,Nouvelle-Aquitaine,51.050097,-1.482445,SNCF_Open_Data,2024-09-14 00:00:00
2024-01-04 00:00:00,1.958,1.58,6.71,Bordeaux,8.0,Bretagne,52.106373,2.231466,RATP_Open_Data_2024,2024-04-23 00:00:00
2024-02-27 00:00:00,1.862,8.09,4.2,Marseille,8.51,Provence-Alpes-Côte d'Azur,44.942629,-0.825564,Airparif,2024-03-23 00:00:00
2024-03-22 00:00:00,1.747,4.28,5.61,Bordeaux,2.92,Île-de-France,47.443673,1.109221,Météo-France,2024-02-29 00:00:00
2024-04-02 00:00:00,1.983,2.69,1.97,Marseille,1.59,Île-de-France,45.852345,4.26607,Météo-France,2024-08-25 00:00:00
2024-05-14 00:00:00,1.726,4.39,4.52,Marseille,7.91,Nouvelle-Aquitaine,50.738103,3.321044,Météo-France,2024-06-22 00:00:00
2024-11-17 00:00:00,1.766,2.13,5.5,Bordeaux,4.59,Occitanie,52.006065,2.006532,RATP_Open_Data_2024,2024-11-09 00:00:00
2024-12-02 00:00:00,1.803,5.22,3.05,Toulouse,4.51,Pays de la Loire,50.296185,-1.062142,Data.gouv.fr,2024-09-26 00:00:00
2024-09-08 00:00:00,1.876,1.2,1.8,Nantes,3.08,Occitanie,52.076445,-0.240189,RATP_Open_Data_2024,2024-07-01 00:00:00
2024-08-29 00:00:00,1.807,2.45,6.41,Bordeaux,7.38,Île-de-France,48.452793,5.452466,RATP_Open_Data_2024,2024-05-22 00:00:00
2024-02-26 00:00:00,1.758,5.73,4.75,Nice,6.83,Normandie,47.471848,4.196907,Data.gouv.fr,2024-05-21 00:00:00
2024-01-26 00:00:00,1.934,8.6,5.0,Toulouse,4.9,Nouvelle-Aquitaine,51.793634,2.235843,RATP_Open_Data_2024,2024-01-24 00:00:00
2024-01-28 00:00:00,1.686,7.23,7.79,Nantes,6.73,Auvergne-Rhône-Alpes,45.357793,-1.580291,RATP_Open_Data_2024,2024-07-28 00:00:00
2024-06-25 00:00:00,1.918,1.57,4.96,Nantes,3.03,Grand Est,47.314424,2.088781,SNCF_Open_Data,2024-07-16 00:00:00
2024-11-30 00:00:00,1.805,4.55,8.36,Nantes,5.98,Occitanie,50.035473,6.281775,SNCF_Open_Data,2024-08-02 00:00:00
2024-05-31 00:00:00,1.887,6.68,4.92,Bordeaux,8.38,Île-de-France,45.966169,1.120636,SNCF_Open_Data,2024-03-25 00:00:00
2024-12-02 00:00:00,1.861,8.36,8.68,Bordeaux,8.75,Provence-Alpes-Côte d'Azur,47.651826,2.875513,Airparif,2024-12-09 00:00:00
2024-07-01 00:00:00,1.966,5.82,4.99,Paris,4.64,Normandie,50.544655,1.541316,RATP_Open_Data_2024,2024-10-20 00:00:00
2024-11-05 00:00:00,1.686,6.4,5.37,Montpellier,2.55,Grand Est,49.442979,2.907196,Airparif,2024-07-16 00:00:00
2024-09-06 00:00:00,1.897,2.89,6.44,Nice,7.93,Nouvelle-Aquitaine,45.108143,6.16924,Data.gouv.fr,2024-02-18 00:00:00
2024-12-21 00:00:00,1.757,8.6,8.36,Nice,7.41,Provence-Alpes-Côte d'Azur,50.897705,0.552487,Data.gouv.fr,2024-08-16 00:00:00
2024-07-08 00:00:00,1.961,2.56,8.33,Marseille,6.55,Grand Est,50.447979,5.879832,Data.gouv.fr,2024-06-11 00:00:00
2024-03-25 00:00:00,1.892,8.01,6.37,Marseille,4.64,Hauts-de-France,50.023611,3.144192,Météo-France,2024-01-19 00:00:00
2024-12-03 00:00:00,1.907,4.1,1.55,Bordeaux,5.27,Hauts-de-France,52.393069,1.380211,Météo-France,2024-08-14 00:00:00
2024-05-31 00:00:00,1.68,4.7,6.58,Lille,5.42,Occitanie,52.730827,3.507658,RATP_Open_Data_2024,2024-01-24 00:00:00
2024-06-19 00:00:00,1.761,8.01,5.22,Paris,3.99,Nouvelle-Aquitaine,51.11803,6.01302,SNCF_Open_Data,2024-08-30 00:00:00
2024-03-07 00:00:00,1.769,5.27,2.05,Nantes,4.51,Occitanie,46.521552,-1.468597,SNCF_Open_Data,2024-07-12 00:00:00
2024-02-28 00:00:00,1.863,2.44,8.53,Lyon,7.25,Pays de la Loire,50.860517,0.241848,Airparif,2024-09-15 00:00:00
2024-02-10 00:00:00,1.975,4.96,3.62,Toulouse,8.63,Grand Est,50.406696,1.465175,Météo-France,2024-06-10 00:00:00
2024-07-29 00:00:00,1.989,8.71,3.05,Bordeaux,5.56,Auvergne-Rhône-Alpes,47.684782,2.436563,SNCF_Open_Data,2024-02-21 00:00:00
2024-09-22 00:00:00,1.814,6.83,7.41,Nantes,2.55,Pays de la Loire,44.895738,5.269778,Data.gouv.fr,2024-03-19 00:00:00
2024-12-08 00:00:00,1.904,1.81,7.25,Nice,6.31,Occitanie,47.447708,-1.51704,Météo-France,2024-02-27 00:00:00
2024-11-03 00:00:00,1.818,6.7,1.98,Lyon,5.08,Nouvelle-Aquitaine,50.456415,0.007849,Météo-France,2024-06-19 00:00:00
2024-01-11 00:00:00,1.875,1.21,8.3,Strasbourg,6.49,Grand Est,52.321741,2.788946,Airparif,2024-01-12 00:00:00
2024-02-07 00:00:00,1.746,5.11,6.76,Montpellier,8.32,Auvergne-Rhône-Alpes,47.644733,0.110775,RATP_Open_Data_2024,2024-12-08 00:00:00
2024-07-09 00:00:00,1.687,3.83,7.24,Lille,1.41,Provence-Alpes-Côte d'Azur,49.276619,5.344258,Météo-France,2024-05-16 00:00:00
2024-01-20 00:00:00,1.726,5.08,5.49,Nice,3.66,Grand Est,46.133376,-0.899588,Data.gouv.fr,2024-11-30 00:00:00
2024-03-11 00:00:00,1.832,4.46,5.79,Paris,3.95,Île-de-France,51.892018,5.364164,RATP_Open_Data_2024,2024-04-30 00:00:00
2024-03-31 00:00:00,1.74,5.8,1.88,Bordeaux,1.5,Pays de la Loire,50.705906,1.649034,Météo-France,2024-05-03 00:00:00
2024-06-16 00:00:00,1.85,3.0,2.91,Paris,6.51,Occitanie,51.852993,1.662572,Airparif,2024-03-02 00:00:00
2024-12-26 00:00:00,1.684,8.34,6.05,Marseille,8.12,Normandie,45.853594,1.978522,Airparif,2024-06-03 00:00:00
2024-05-14 00:00:00,1.757,4.8,6.85,Nantes,7.07,Île-de-France,52.587638,2.941208,Airparif,2024-05-29 00:00:00
2024-06-25 00:00:00,1.8,4.86,6.72,Nantes,2.16,Provence-Alpes-Côte d'Azur,47.660967,-0.042228,RATP_Open_Data_2024,2024-12-09 00:00:00
2024-08-05 00:00:00,1.696,2.97,7.14,Strasbourg,4.62,Auvergne-Rhône-Alpes,44.884238,0.190313,SNCF_Open_Data,2024-12-02 00:00:00
2024-09-25 00:00:00,1.861,2.3,4.02,Nice,3.89,Occitanie,47.234663,5.008899,Airparif,2024-08-10 00:00:00
2024-02-01 00:00:00,1.751,3.65,3.15,Montpellier,2.57,Auvergne-Rhône-Alpes,52.813086,1.057712,Airparif,2024-07-31 00:00:00
2024-01-26 00:00:00,1.877,4.09,8.43,Nice,5.17,Pays de la Loire,50.928628,5.720117,Airparif,2024-08-29 00:00:00
2024-08-31 00:00:00,1.855,4.1,5.09,Strasbourg,5.71,Occitanie,46.14828,-0.908063,Data.gouv.fr,2024-07-23 00:00:00
2024-02-12 00:00:00,1.975,4.22,3.96,Toulouse,8.08,Hauts-de-France,47.786722,-1.604243,Data.gouv.fr,2024-06-26 00:00:00
2024-02-21 00:00:00,1.936,5.07,3.65,Strasbourg,2.65,Auvergne-Rhône-Alpes,51.571136,1.391482,Météo-France,2024-03-14 00:00:00
2024-07-30 00:00:00,1.984,2.83,8.54,Toulouse,8.75,Bretagne,51.417638,0.65186,Data.gouv.fr,2024-01-04 00:00:00
2024-03-25 00:00:00,1.715,3.04,4.24,Lille,2.34,Pays de la Loire,50.628142,3.28375,Airparif,2024-03-23 00:00:00
2024-09-04 00:00:00,1.81,3.44,4.93,Lille,2.4,Normandie,44.889403,3.311296,Météo-France,2024-02-18 00:00:00
2024-02-12 00:00:00,1.737,3.01,1.73,Lyon,1.35,Auvergne-Rhône-Alpes,45.499166,1.872519,Météo-France,2024-08-29 00:00:00
2024-01-24 00:00:00,1.907,3.35,6.62,Bordeaux,3.26,Grand Est,52.323397,-1.230625,Airparif,2024-09-10 00:00:00
2024-10-14 00:00:00,1.977,4.93,5.81,Strasbourg,8.66,Normandie,52.236724,0.423616,Data.gouv.fr,2024-04-30 00:00:00
2024-11-03 00:00:00,1.884,3.94,6.13,Marseille,2.78,Bretagne,50.110228,2.305656,Météo-France,2024-07-13 00:00:00
2024-12-21 00:00:00,1.748,1.27,7.35,Nice,7.74,Normandie,51.025565,3.578321,Météo-France,2024-09-07 00:00:00
2024-04-09 00:00:00,1.687,3.9,4.3,Montpellier,7.39,Île-de-France,46.879966,4.605401,Airparif,2024-09-19 00:00:00
2024-11-10 00:00:00,1.823,3.15,5.39,Strasbourg,3.81,Hauts-de-France,50.930761,1.498871,Data.gouv.fr,2024-04-11 00:00:00
2024-01-09 00:00:00,1.828,1.88,7.17,Bordeaux,5.89,Occitanie,49.156204,5.642612,SNCF_Open_Data,2024-09-12 00:00:00
2024-12-15 00:00:00,1.867,6.76,1.5,Strasbourg,8.05,Normandie,44.930465,-0.412839,RATP_Open_Data_2024,2024-12-06 00:00:00
2024-06-10 00:00:00,1.978,5.28,1.7,Toulouse,1.24,Nouvelle-Aquitaine,47.121629,2.451015,Airparif,2024-12-18 00:00:00
2024-10-17 00:00:00,1.777,6.78,6.75,Marseille,8.56,Bretagne,46.060758,0.855007,SNCF_Open_Data,2024-10-08 00:00:00
2024-09-18 00:00:00,1.901,7.74,3.81,Lyon,2.62,Grand Est,50.780459,0.931937,Météo-France,2024-08-04 00:00:00
2024-09-28 00:00:00,1.737,7.25,2.98,Bordeaux,7.64,Bretagne,45.518919,4.049723,SNCF_Open_Data,2024-01-30 00:00:00
2024-08-19 00:00:00,1.935,4.26,4.43,Toulouse,5.92,Grand Est,46.388418,0.99191,Airparif,2024-03-10 00:00:00
2024-02-18 00:00:00,1.786,1.28,3.81,Lyon,3.68,Provence-Alpes-Côte d'Azur,52.849907,1.315876,Airparif,2024-05-17 00:00:00
2024-10-20 00:00:00,1.987,8.05,5.44,Lille,4.84,Pays de la Loire,49.943983,4.038762,Data.gouv.fr,2024-09-01 00:00:00
2024-05-18 00:00:00,1.881,5.01,2.65,Strasbourg,3.77,Hauts-de-France,48.328217,4.763298,SNCF_Open_Data,2024-04-15 00:00:00
2024-01-26 00:00:00,1.802,1.62,5.57,Lille,6.5,Occitanie,52.319037,0.717157,Météo-France,2024-09-13 00:00:00
2024-03-08 00:00:00,1.94,6.75,1.34,Lyon,1.38,Provence-Alpes-Côte d'Azur,46.134127,2.214002,RATP_Open_Data_2024,2024-04-07 00:00:00
2024-12-23 00:00:00,1.715,2.46,6.94,Lille,4.08,Pays de la Loire,51.273183,1.069918,Data.gouv.fr,2024-09-23 00:00:00
2024-09-22 00:00:00,1.918,7.28,5.37,Marseille,4.24,Pays de la Loire,47.115657,-1.485389,Météo-France,2024-06-25 00:00:00
2024-11-14 00:00:00,1.725,6.68,6.66,Bordeaux,7.8,Normandie,49.109319,3.804391,SNCF_Open_Data,2024-12-05 00:00:00
2024-04-01 00:00:00,1.704,3.98,6.97,Lille,7.59,Normandie,49.869639,5.744543,SNCF_Open_Data,2024-04-04 00:00:00
2024-12-16 00:00:00,1.979,4.21,3.35,Paris,2.91,Pays de la Loire,50.278423,3.673465,SNCF_Open_Data,2024-08-22 00:00:00
2024-07-11 00:00:00,1.777,6.81,2.9,Toulouse,2.45,Occitanie,51.127879,1.624318,Météo-France,2024-06-09 00:00:00
2024-04-19 00:00:00,1.952,2.79,5.19,Marseille,2.47,Nouvelle-Aquitaine,47.991317,0.220683,SNCF_Open_Data,2024-12-01 00:00:00
2024-02-27 00:00:00,1.962,8.64,4.91,Montpellier,2.59,Auvergne-Rhône-Alpes,50.529757,6.236564,Airparif,2024-08-03 00:00:00
2024-08-17 00:00:00,1.907,5.42,6.78,Montpellier,1.63,Auvergne-Rhône-Alpes,50.710648,3.04179,RATP_Open_Data_2024,2024-03-03 00:00:00
2024-09-13 00:00:00,1.771,2.33,4.35,Lyon,7.75,Auvergne-Rhône-Alpes,49.954747,3.669494,Data.gouv.fr,2024-08-28 00:00:00
2024-06-19 00:00:00,1.973,5.96,4.01,Paris,2.05,Provence-Alpes-Côte d'Azur,49.120609,4.17421,SNCF_Open_Data,2024-10-30 00:00:00
2024-11-08 00:00:00,1.69,5.0,8.71,Nice,3.36,Nouvelle-Aquitaine,48.6241,-0.923235,Météo-France,2024-06-09 00:00:00
2024-07-04 00:00:00,1.774,6.0,1.5,Nice,8.43,Provence-Alpes-Côte d'Azur,48.308277,0.77098,SNCF_Open_Data,2024-11-27 00:00:00
2024-10-16 00:00:00,1.909,8.43,2.59,Montpellier,8.16,Bretagne,52.713564,2.54447,Data.gouv.fr,2024-05-25 00:00:00
2024-01-02 00:00:00,1.697,3.74,3.61,Marseille,5.49,Grand Est,46.773311,0.020083,RATP_Open_Data_2024,2024-05-10 00:00:00
2024-02-14 00:00:00,1.894,8.22,4.74,Montpellier,8.09,Normandie,48.176396,5.052817,SNCF_Open_Data,2024-03-08 00:00:00
2024-05-13 00:00:00,1.959,5.18,5.28,Lille,2.1,Île-de-France,52.236312,0.118441,Météo-France,2024-09-19 00:00:00
2024-12-25 00:00:00,1.785,2.84,7.38,Toulouse,4.06,Île-de-France,46.78736,4.91004,SNCF_Open_Data,2024-02-19 00:00:00
2024-09-20 00:00:00,1.892,1.25,8.42,Nice,4.09,Pays de la Loire,45.735894,3.125943,RATP_Open_Data_2024,2024-07-24 00:00:00
2024-05-05 00:00:00,1.828,8.77,7.62,Lille,5.01,Normandie,50.182294,2.977998,Airparif,2024-01-27 00:00:00
2024-05-19 00:00:00,1.933,2.05,5.63,Nantes,2.56,Hauts-de-France,49.761543,2.097258,SNCF_Open_Data,2024-08-12 00:00:00
2024-08-15 00:00:00,1.918,7.08,6.05,Montpellier,5.58,Provence-Alpes-Côte d'Azur,45.325986,4.90013,RATP_Open_Data_2024,2024-08-16 00:00:00
2024-10-18 00:00:00,1.704,2.2,1.32,Nice,6.01,Normandie,51.548538,-0.498229,RATP_Open_Data_2024,2024-10-01 00:00:00
2024-11-06 00:00:00,1.964,2.76,6.57,Lille,1.82,Île-de-France,49.812556,1.866049,Airparif,2024-01-12 00:00:00
2024-01-10 00:00:00,1.748,2.56,3.81,Montpellier,2.6,Grand Est,45.403359,3.036113,Météo-France,2024-06-06 00:00:00
2024-09-29 00:00:00,1.873,6.75,5.87,Nantes,5.2,Bretagne,47.577679,3.413376,Airparif,2024-03-31 00:00:00
2024-02-14 00:00:00,1.686,7.58,2.54,Marseille,4.03,Normandie,45.567155,1.70456,RATP_Open_Data_2024,2024-12-07 00:00:00
2024-08-14 00:00:00,1.775,6.19,3.46,Nantes,7.53,Occitanie,49.437454,0.489177,Data.gouv.fr,2024-06-06 00:00:00
2024-03-07 00:00:00,1.699,3.4,4.92,Lille,8.38,Nouvelle-Aquitaine,46.05174,5.731612,SNCF_Open_Data,2024-09-15 00:00:00
2024-07-15 00:00:00,1.808,1.59,3.13,Toulouse,8.26,Grand Est,45.685447,1.803947,Airparif,2024-05-16 00:00:00
2024-10-14 00:00:00,1.854,4.84,1.77,Toulouse,7.6,Hauts-de-France,50.430644,-0.869212,Airparif,2024-08-06 00:00:00
2024-02-06 00:00:00,1.83,2.64,1.69,Montpellier,2.15,Île-de-France,46.370562,6.084256,Météo-France,2024-05-01 00:00:00
2024-03-10 00:00:00,1.742,8.79,8.24,Strasbourg,8.13,Grand Est,49.880034,5.871634,Airparif,2024-02-09 00:00:00
2024-09-24 00:00:00,1.977,6.3,4.66,Strasbourg,2.52,Occitanie,45.536671,1.806667,Data.gouv.fr,2024-02-18 00:00:00
2024-09-27 00:00:00,1.901,6.91,4.7,Lyon,4.57,Provence-Alpes-Côte d'Azur,50.193693,2.20637,RATP_Open_Data_2024,2024-06-12 00:00:00
2024-09-15 00:00:00,1.746,7.29,5.63,Marseille,5.24,Auvergne-Rhône-Alpes,46.81287,0.79,RATP_Open_Data_2024,2024-07-06 00:00:00
2024-02-29 00:00:00,1.712,3.57,7.38,Marseille,2.01,Pays de la Loire,45.006736,5.40295,RATP_Open_Data_2024,2024-06-19 00:00:00
2024-11-26 00:00:00,1.858,2.66,5.53,Strasbourg,8.55,Auvergne-Rhône-Alpes,47.632005,1.823317,Airparif,2024-04-25 00:00:00
2024-02-14 00:00:00,1.855,1.5,4.56,Marseille,3.58,Hauts-de-France,45.593957,1.226542,RATP_Open_Data_2024,2024-06-10 00:00:00
2024-05-01 00:00:00,1.689,8.36,5.29,Montpellier,6.76,Hauts-de-France,52.248837,1.198221,RATP_Open_Data_2024,2024-05-12 00:00:00
2024-04-21 00:00:00,1.749,4.39,5.44,Toulouse,5.99,Provence-Alpes-Côte d'Azur,50.274274,4.837687,Météo-France,2024-10-20 00:00:00
2024-07-05 00:00:00,1.95,3.35,3.87,Nantes,6.43,Nouvelle-Aquitaine,47.18656,-1.014352,Data.gouv.fr,2024-05-26 00:00:00
2024-05-08 00:00:00,1.808,2.11,4.28,Strasbourg,5.82,Auvergne-Rhône-Alpes,48.407695,4.644468,RATP_Open_Data_2024,2024-05-17 00:00:00
2024-05-29 00:00:00,1.809,3.73,3.64,Nice,3.22,Nouvelle-Aquitaine,46.481968,0.929711,Data.gouv.fr,2024-02-19 00:00:00
2024-03-04 00:00:00,1.848,7.34,6.96,Montpellier,7.67,Occitanie,47.811829,5.59015,Météo-France,2024-10-02 00:00:00
2024-08-26 00:00:00,1.895,8.35,4.73,Nice,7.31,Occitanie,46.249966,6.342273,Météo-France,2024-11-09 00:00:00
2024-05-01 00:00:00,1.99,5.38,6.88,Bordeaux,6.26,Provence-Alpes-Côte d'Azur,50.661038,4.926268,RATP_Open_Data_2024,2024-04-08 00:00:00
2024-12-18 00:00:00,1.824,4.16,8.67,Marseille,6.64,Occitanie,50.316354,1.946227,Airparif,2024-08-05 00:00:00
2024-02-29 00:00:00,1.717,3.46,4.23,Nantes,7.96,Nouvelle-Aquitaine,51.843745,3.879443,Data.gouv.fr,2024-12-15 00:00:00
2024-07-08 00:00:00,1.918,4.81,3.11,Toulouse,3.77,Auvergne-Rhône-Alpes,45.361852,4.750282,Airparif,2024-08-10 00:00:00
2024-04-23 00:00:00,1.747,7.84,2.96,Toulouse,8.14,Provence-Alpes-Côte d'Azur,47.446786,2.587368,Airparif,2024-12-11 00:00:00
2024-06-11 00:00:00,1.789,6.61,6.4,Bordeaux,7.19,Bretagne,44.996852,2.827615,Météo-France,2024-06-29 00:00:00
2024-11-16 00:00:00,1.981,3.67,5.98,Marseille,4.38,Provence-Alpes-Côte d'Azur,44.914818,4.590397,Data.gouv.fr,2024-01-17 00:00:00
2024-11-02 00:00:00,1.802,5.19,8.37,Montpellier,2.6,Grand Est,50.781036,4.081552,SNCF_Open_Data,2024-07-03 00:00:00
2024-10-11 00:00:00,1.906,3.96,6.88,Nantes,8.53,Normandie,47.786764,2.071201,Airparif,2024-10-03 00:00:00
2024-11-02 00:00:00,1.841,6.96,4.58,Strasbourg,6.32,Occitanie,52.159697,1.392716,RATP_Open_Data_2024,2024-11-05 00:00:00
2024-07-10 00:00:00,1.867,5.36,2.98,Nice,3.78,Grand Est,46.31655,4.927908,Data.gouv.fr,2024-03-09 00:00:00
2024-02-06 00:00:00,1.978,1.5,6.93,Paris,1.37,Grand Est,52.473614,-1.620599,Airparif,2024-01-25 00:00:00
2024-04-13 00:00:00,1.887,7.78,6.76,Nantes,3.33,Grand Est,45.20102,1.601926,Airparif,2024-04-19 00:00:00
2024-09-25 00:00:00,1.92,4.55,4.78,Nice,5.4,Bretagne,51.386596,-1.629798,SNCF_Open_Data,2024-09-17 00:00:00
2024-04-24 00:00:00,1.835,4.43,4.94,Nice,2.18,Nouvelle-Aquitaine,48.933144,3.849154,SNCF_Open_Data,2024-01-28 00:00:00
2024-05-11 00:00:00,1.718,6.14,2.63,Nantes,5.13,Provence-Alpes-Côte d'Azur,45.945313,0.687409,Airparif,2024-08-26 00:00:00
2024-04-24 00:00:00,1.938,8.38,6.24,Lille,7.83,Occitanie,47.13397,1.335985,RATP_Open_Data_2024,2024-05-09 00:00:00
2024-11-14 00:00:00,1.808,4.09,7.98,Montpellier,3.94,Bretagne,48.230942,-0.918554,RATP_Open_Data_2024,2024-05-14 00:00:00
2024-01-02 00:00:00,1.909,2.41,4.1,Bordeaux,2.42,Provence-Alpes-Côte d'Azur,49.951569,2.491571,SNCF_Open_Data,2024-09-16 00:00:00
2024-02-13 00:00:00,1.787,3.5,7.97,Lille,5.43,Occitanie,50.392411,0.593998,Data.gouv.fr,2024-07-09 00:00:00
2024-09-06 00:00:00,1.742,2.91,2.84,Strasbourg,2.54,Bretagne,52.226327,4.337442,SNCF_Open_Data,2024-02-14 00:00:00
2024-10-03 00:00:00,1.862,7.76,3.42,Strasbourg,8.76,Hauts-de-France,45.156931,2.617629,Météo-France,2024-07-07 00:00:00
2024-02-01 00:00:00,1.935,3.91,5.94,Bordeaux,3.16,Auvergne-Rhône-Alpes,52.040132,-1.028711,RATP_Open_Data_2024,2024-05-17 00:00:00
2024-05-23 00:00:00,1.933,4.94,4.89,Lille,2.78,Grand Est,45.509571,-1.122576,SNCF_Open_Data,2024-12-08 00:00:00
2024-06-09 00:00:00,1.873,4.38,2.4,Strasbourg,1.24,Île-de-France,51.496241,-0.642719,SNCF_Open_Data,2024-10-05 00:00:00
2024-09-30 00:00:00,1.923,8.22,6.08,Toulouse,5.34,Provence-Alpes-Côte d'Azur,45.434075,4.663901,Data.gouv.fr,2024-04-24 00:00:00
2024-12-17 00:00:00,1.835,5.98,7.57,Lille,3.26,Pays de la Loire,48.021933,-0.561286,Data.gouv.fr,2024-08-17 00:00:00
2024-10-12 00:00:00,1.748,7.93,3.2,Bordeaux,3.03,Auvergne-Rhône-Alpes,49.071552,1.88468,Météo-France,2024-08-07 00:00:00
2024-06-09 00:00:00,1.979,3.72,6.09,Lyon,2.29,Nouvelle-Aquitaine,48.405516,0.960261,SNCF_Open_Data,2024-12-26 00:00:00
2024-06-11 00:00:00,1.835,5.09,1.83,Montpellier,2.17,Pays de la Loire,49.677941,4.137742,Météo-France,2024-03-27 00:00:00
2024-12-09 00:00:00,1.901,7.27,3.25,Lyon,1.35,Bretagne,47.844939,5.124756,Météo-France,2024-01-19 00:00:00
2024-10-22 00:00:00,1.781,6.47,6.42,Strasbourg,4.44,Normandie,50.174543,-1.330383,Airparif,2024-05-13 00:00:00
2024-08-05 00:00:00,1.901,6.06,2.51,Lyon,5.9,Pays de la Loire,45.777678,5.051761,Airparif,2024-06-07 00:00:00
2024-07-24 00:00:00,1.68,3.06,1.27,Paris,8.67,Hauts-de-France,49.484297,3.188201,SNCF_Open_Data,2024-12-18 00:00:00
2024-01-16 00:00:00,1.824,5.51,2.9,Nice,3.42,Normandie,46.310117,-1.416893,Météo-France,2024-06-03 00:00:00
2024-02-25 00:00:00,1.78,3.91,7.57,Bordeaux,4.61,Nouvelle-Aquitaine,47.699718,2.431302,Airparif,2024-04-20 00:00:00
2024-06-22 00:00:00,1.877,6.42,2.69,Bordeaux,4.56,Île-de-France,50.870943,5.541362,Météo-France,2024-02-22 00:00:00
2024-12-07 00:00:00,1.939,8.31,4.35,Bordeaux,3.87,Grand Est,48.72471,-1.459367,Data.gouv.fr,2024-09-18 00:00:00
2024-07-29 00:00:00,1.7,6.66,2.49,Strasbourg,6.07,Île-de-France,49.383984,5.610534,RATP_Open_Data_2024,2024-06-19 00:00:00
2024-01-08 00:00:00,1.741,5.35,3.41,Nantes,8.79,Occitanie,47.163512,-1.630582,Airparif,2024-01-29 00:00:00
2024-02-23 00:00:00,1.694,1.49,6.09,Nantes,4.2,Normandie,51.318416,0.789178,Data.gouv.fr,2024-02-05 00:00:00
2024-04-08 00:00:00,1.849,1.8,4.8,Lille,6.2,Hauts-de-France,52.404965,-1.619733,Météo-France,2024-06-02 00:00:00
2024-11-23 00:00:00,1.875,8.34,2.01,Nantes,6.78,Normandie,50.978089,0.027411,SNCF_Open_Data,2024-02-15 00:00:00
2024-09-29 00:00:00,1.85,6.53,7.4,Lille,6.24,Provence-Alpes-Côte d'Azur,48.685615,-1.533096,RATP_Open_Data_2024,2024-02-22 00:00:00
2024-03-27 00:00:00,1.822,6.63,8.01,Bordeaux,2.53,Occitanie,49.749661,6.038167,Data.gouv.fr,2024-11-18 00:00:00
2024-01-11 00:00:00,1.905,4.85,2.52,Lyon,5.58,Île-de-France,49.950331,5.716184,Data.gouv.fr,2024-08-15 00:00:00
2024-06-04 00:00:00,1.922,1.55,5.41,Bordeaux,8.72,Grand Est,51.895501,5.539615,SNCF_Open_Data,2024-07-24 00:00:00
2024-08-14 00:00:00,1.902,3.96,7.01,Toulouse,3.16,Occitanie,51.957771,2.116726,RATP_Open_Data_2024,2024-08-31 00:00:00
2024-01-05 00:00:00,1.842,7.01,5.6,Lyon,1.83,Auvergne-Rhône-Alpes,46.835225,4.450646,Météo-France,2024-09-19 00:00:00
2024-04-10 00:00:00,1.937,7.68,3.02,Montpellier,2.0,Normandie,45.643612,5.059294,SNCF_Open_Data,2024-07-04 00:00:00
2024-01-12 00:00:00,1.836,7.08,6.95,Marseille,2.31,Normandie,52.377448,-0.752427,Météo-France,2024-01-09 00:00:00
2024-07-20 00:00:00,1.882,1.5,7.14,Bordeaux,8.49,Occitanie,48.049597,2.508924,RATP_Open_Data_2024,2024-10-24 00:00:00
2024-07-20 00:00:00,1.775,6.82,4.21,Strasbourg,4.79,Hauts-de-France,50.528367,-0.594916,Météo-France,2024-08-10 00:00:00
2024-06-05 00:00:00,1.85,8.17,7.02,Nantes,2.43,Pays de la Loire,52.470871,3.63019,SNCF_Open_Data,2024-11-14 00:00:00
2024-01-31 00:00:00,1.947,6.79,4.75,Nantes,3.05,Occitanie,46.796734,-0.023195,RATP_Open_Data_2024,2024-09-16 00:00:00
2024-03-14 00:00:00,1.801,7.0,8.08,Toulouse,7.29,Île-de-France,48.399557,3.104259,Airparif,2024-10-21 00:00:00
2024-12-13 00:00:00,1.904,6.19,5.81,Montpellier,3.45,Île-de-France,49.055394,0.282179,Météo-France,2024-05-28 00:00:00
2024-05-31 00:00:00,1.701,8.52,8.8,Marseille,3.64,Nouvelle-Aquitaine,50.692003,0.812048,Météo-France,2024-10-29 00:00:00
2024-08-20 00:00:00,1.73,5.46,6.77,Lyon,3.18,Provence-Alpes-Côte d'Azur,48.952993,5.901196,Data.gouv.fr,2024-07-30 00:00:00
2024-12-10 00:00:00,1.747,6.84,8.11,Paris,2.42,Île-de-France,51.448179,2.613355,Data.gouv.fr,2024-04-10 00:00:00
2024-11-15 00:00:00,1.967,4.08,4.86,Paris,1.5,Bretagne,52.565293,0.496616,Data.gouv.fr,2024-01-20 00:00:00
2024-01-09 00:00:00,1.805,8.49,3.13,Toulouse,1.34,Auvergne-Rhône-Alpes,51.559125,0.109841,Airparif,2024-11-28 00:00:00
2024-04-12 00:00:00,1.848,5.38,2.62,Paris,4.0,Hauts-de-France,52.413976,3.69383,Data.gouv.fr,2024-12-18 00:00:00
2024-04-29 00:00:00,1.871,1.58,4.33,Montpellier,6.72,Bretagne,48.939406,-0.361465,SNCF_Open_Data,2024-03-28 00:00:00
2024-03-25 00:00:00,1.719,6.37,8.36,Montpellier,2.9,Provence-Alpes-Côte d'Azur,48.079657,5.546455,RATP_Open_Data_2024,2024-02-24 00:00:00
2024-02-21 00:00:00,1.77,7.31,8.72,Toulouse,8.47,Île-de-France,48.003484,5.791002,SNCF_Open_Data,2024-03-05 00:00:00
2024-03-03 00:00:00,1.758,8.68,2.94,Paris,8.25,Provence-Alpes-Côte d'Azur,46.550788,4.898193,SNCF_Open_Data,2024-07-21 00:00:00
2024-09-20 00:00:00,1.704,8.5,2.08,Bordeaux,5.29,Auvergne-Rhône-Alpes,45.347397,-0.408763,Météo-France,2024-04-06 00:00:00
2024-05-12 00:00:00,1.773,3.34,4.21,Nice,3.42,Pays de la Loire,49.020532,2.97222,SNCF_Open_Data,2024-02-04 00:00:00
2024-05-16 00:00:00,1.698,2.02,1.99,Montpellier,8.61,Île-de-France,52.095507,1.511221,SNCF_Open_Data,2024-10-24 00:00:00
2024-08-28 00:00:00,1.687,8.51,2.84,Montpellier,6.43,Bretagne,45.017213,4.302631,Data.gouv.fr,2024-12-21 00:00:00
2024-07-26 00:00:00,1.984,1.22,3.77,Paris,4.82,Grand Est,46.245075,6.314471,RATP_Open_Data_2024,2024-09-08 00:00:00
2024-08-03 00:00:00,1.981,5.53,4.06,Nantes,8.58,Grand Est,48.540253,-1.469586,Météo-France,2024-06-01 00:00:00
2024-03-27 00:00:00,1.922,7.04,8.34,Nice,3.89,Auvergne-Rhône-Alpes,50.647136,1.303819,Data.gouv.fr,2024-03-26 00:00:00
2024-01-23 00:00:00,1.862,1.29,2.14,Lille,8.48,Normandie,50.433406,2.28653,SNCF_Open_Data,2024-06-18 00:00:00
2024-03-22 00:00:00,1.949,6.64,8.0,Nice,8.42,Nouvelle-Aquitaine,48.030158,-0.18054,SNCF_Open_Data,2024-05-30 00:00:00
2024-12-11 00:00:00,1.693,7.25,2.59,Marseille,5.5,Occitanie,46.801015,0.977617,Météo-France,2024-03-25 00:00:00
2024-09-11 00:00:00,1.681,2.47,6.32,Montpellier,5.39,Nouvelle-Aquitaine,46.304424,2.981925,Airparif,2024-03-18 00:00:00
2024-02-28 00:00:00,1.724,7.74,2.2,Lyon,8.15,Île-de-France,51.433008,1.995768,SNCF_Open_Data,2024-03-23 00:00:00
2024-03-14 00:00:00,1.854,8.31,2.9,Marseille,1.24,Grand Est,45.28108,-0.855652,Airparif,2024-06-28 00:00:00
2024-01-29 00:00:00,1.821,8.09,6.59,Paris,3.41,Île-de-France,45.401787,0.897565,Airparif,2024-07-26 00:00:00
2024-10-31 00:00:00,1.912,2.81,7.38,Toulouse,4.8,Pays de la Loire,46.164672,4.414017,SNCF_Open_Data,2024-05-16 00:00:00
2024-04-24 00:00:00,1.772,4.43,1.68,Montpellier,4.23,Île-de-France,45.52503,4.592962,Météo-France,2024-07-17 00:00:00
2024-04-21 00:00:00,1.82,4.11,1.78,Bordeaux,8.47,Normandie,50.676326,6.119018,SNCF_Open_Data,2024-05-26 00:00:00
2024-06-20 00:00:00,1.718,4.62,2.56,Lille,3.91,Pays de la Loire,49.579132,0.018072,RATP_Open_Data_2024,2024-01-04 00:00:00
2024-04-17 00:00:00,1.961,3.37,6.05,Montpellier,3.12,Hauts-de-France,46.283143,2.027163,Data.gouv.fr,2024-02-06 00:00:00
2024-06-17 00:00:00,1.729,8.37,4.32,Nice,4.9,Nouvelle-Aquitaine,48.887518,-0.646475,Data.gouv.fr,2024-12-20 00:00:00
2024-03-04 00:00:00,1.777,8.26,3.37,Lille,4.28,Auvergne-Rhône-Alpes,49.955215,4.100756,RATP_Open_Data_2024,2024-07-01 00:00:00
2024-03-17 00:00:00,1.854,2.53,7.43,Toulouse,3.29,Hauts-de-France,50.732195,-0.0546,Météo-France,2024-07-04 00:00:00
2024-03-18 00:00:00,1.97,2.35,6.86,Nice,4.0,Occitanie,52.177232,-1.596164,Data.gouv.fr,2024-01-24 00:00:00
2024-11-20 00:00:00,1.949,3.15,3.17,Lyon,7.28,Auvergne-Rhône-Alpes,50.364201,3.081905,RATP_Open_Data_2024,2024-06-17 00:00:00
2024-08-01 00:00:00,1.73,4.15,6.16,Lille,8.77,Hauts-de-France,50.074202,-0.059296,SNCF_Open_Data,2024-03-22 00:00:00
2024-10-23 00:00:00,1.853,4.48,5.68,Strasbourg,4.0,Auvergne-Rhône-Alpes,50.773931,2.624091,RATP_Open_Data_2024,2024-06-11 00:00:00
2024-03-04 00:00:00,1.824,4.13,3.13,Nantes,5.02,Pays de la Loire,48.215677,-0.155727,SNCF_Open_Data,2024-12-26 00:00:00
2024-08-24 00:00:00,1.778,8.11,2.41,Paris,7.79,Nouvelle-Aquitaine,47.437758,3.535453,Météo-France,2024-07-11 00:00:00
2024-01-17 00:00:00,1.699,3.14,8.51,Paris,4.78,Nouvelle-Aquitaine,48.019701,1.031587,Airparif,2024-11-26 00:00:00
2024-07-15 00:00:00,1.698,3.49,2.58,Montpellier,3.35,Grand Est,47.899719,1.679028,SNCF_Open_Data,2024-11-28 00:00:00
2024-07-01 00:00:00,1.686,4.24,8.34,Marseille,8.33,Occitanie,50.483119,6.302957,RATP_Open_Data_2024,2024-01-28 00:00:00
2024-09-09 00:00:00,1.779,6.69,5.66,Bordeaux,8.02,Grand Est,45.145263,6.15746,Data.gouv.fr,2024-06-27 00:00:00
2024-09-09 00:00:00,1.777,7.14,4.94,Marseille,3.55,Normandie,49.348046,-1.418052,Data.gouv.fr,2024-07-03 00:00:00
2024-05-20 00:00:00,1.708,3.56,7.91,Lille,8.58,Île-de-France,49.446645,4.965397,SNCF_Open_Data,2024-07-06 00:00:00
2024-07-07 00:00:00,1.838,1.84,6.33,Strasbourg,7.69,Bretagne,50.12728,1.677009,Météo-France,2024-04-28 00:00:00
2024-06-13 00:00:00,1.791,1.26,3.77,Marseille,6.23,Île-de-France,51.163759,1.272672,Data.gouv.fr,2024-11-21 00:00:00
2024-11-30 00:00:00,1.768,2.7,8.49,Strasbourg,3.03,Bretagne,45.837737,3.57627,RATP_Open_Data_2024,2024-10-24 00:00:00
2024-11-01 00:00:00,1.804,3.94,8.16,Lille,4.34,Auvergne-Rhône-Alpes,50.713169,2.292766,Météo-France,2024-06-09 00:00:00
2024-11-22 00:00:00,1.831,3.57,6.15,Nantes,3.9,Grand Est,51.161628,2.99847,Météo-France,2024-07-16 00:00:00
2024-08-02 00:00:00,1.942,4.55,2.38,Lyon,5.09,Occitanie,48.195459,4.41897,RATP_Open_Data_2024,2024-12-08 00:00:00
2024-07-06 00:00:00,1.837,4.37,6.54,Toulouse,4.2,Hauts-de-France,52.114179,-1.364891,Data.gouv.fr,2024-06-10 00:00:00
2024-05-31 00:00:00,1.834,1.47,4.59,Montpellier,2.52,Provence-Alpes-Côte d'Azur,50.277262,2.094892,Data.gouv.fr,2024-12-10 00:00:00
2024-09-07 00:00:00,1.715,8.27,5.02,Bordeaux,2.04,Auvergne-Rhône-Alpes,45.402681,1.434991,Météo-France,2024-08-17 00:00:00
2024-07-08 00:00:00,1.707,7.73,1.72,Nantes,2.75,Hauts-de-France,51.089408,4.664648,Data.gouv.fr,2024-03-11 00:00:00
2024-09-30 00:00:00,1.878,4.9,3.84,Nantes,6.54,Pays de la Loire,45.152831,5.129938,Airparif,2024-08-09 00:00:00
2024-01-25 00:00:00,1.82,1.35,7.16,Nice,5.62,Provence-Alpes-Côte d'Azur,52.601377,2.658597,RATP_Open_Data_2024,2024-07-17 00:00:00
2024-09-09 00:00:00,1.861,6.09,3.23,Toulouse,8.53,Nouvelle-Aquitaine,48.892905,2.968474,SNCF_Open_Data,2024-04-29 00:00:00
2024-06-19 00:00:00,1.848,2.51,5.76,Bordeaux,1.35,Hauts-de-France,49.251172,5.177028,SNCF_Open_Data,2024-08-28 00:00:00
2024-05-22 00:00:00,1.888,4.7,3.67,Paris,6.57,Nouvelle-Aquitaine,47.600305,-1.618475,RATP_Open_Data_2024,2024-01-11 00:00:00
2024-06-19 00:00:00,1.753,6.26,7.45,Nice,7.58,Normandie,46.455033,2.472481,Météo-France,2024-11-01 00:00:00
2024-07-24 00:00:00,1.725,2.99,6.58,Paris,1.67,Auvergne-Rhône-Alpes,45.107729,0.242125,Airparif,2024-04-03 00:00:00
2024-02-01 00:00:00,1.92,8.49,4.62,Lille,4.57,Grand Est,48.995181,0.371702,Météo-France,2024-09-18 00:00:00
2024-03-31 00:00:00,1.906,6.11,8.63,Paris,3.75,Bretagne,51.936979,6.114042,Météo-France,2024-01-28 00:00:00
2024-12-17 00:00:00,1.724,7.88,7.55,Nantes,5.81,Pays de la Loire,49.421208,1.029011,SNCF_Open_Data,2024-09-27 00:00:00
2024-02-03 00:00:00,1.824,5.81,1.4,Bordeaux,1.48,Pays de la Loire,47.30672,5.72143,Airparif,2024-09-07 00:00:00
2024-09-19 00:00:00,1.905,1.68,2.02,Bordeaux,6.81,Île-de-France,50.948975,2.830533,Data.gouv.fr,2024-07-22 00:00:00
2024-01-23 00:00:00,1.743,2.46,5.64,Montpellier,6.64,Bretagne,48.639249,0.119399,Data.gouv.fr,2024-08-30 00:00:00
2024-07-28 00:00:00,1.7,8.78,7.59,Marseille,8.11,Provence-Alpes-Côte d'Azur,45.646738,-0.600374,SNCF_Open_Data,2024-10-04 00:00:00
2024-05-26 00:00:00,1.824,6.61,5.06,Nantes,2.4,Occitanie,49.639266,0.110715,Météo-France,2024-01-13 00:00:00
2024-10-15 00:00:00,1.901,5.49,7.49,Montpellier,4.66,Nouvelle-Aquitaine,52.501451,1.417932,SNCF_Open_Data,2024-12-22 00:00:00
2024-06-10 00:00:00,1.931,7.42,8.25,Nantes,3.94,Grand Est,45.642323,0.94315,Météo-France,2024-03-02 00:00:00
2024-09-22 00:00:00,1.93,1.65,5.88,Nice,2.48,Occitanie,49.770718,1.540594,Airparif,2024-05-16 00:00:00
2024-07-16 00:00:00,1.88,3.62,6.47,Strasbourg,4.19,Bretagne,47.925183,2.824202,Airparif,2024-09-07 00:00:00
2024-06-03 00:00:00,1.829,5.22,8.48,Nice,8.58,Auvergne-Rhône-Alpes,51.990825,4.438,RATP_Open_Data_2024,2024-10-16 00:00:00
2024-05-03 00:00:00,1.873,3.0,1.85,Bordeaux,7.53,Normandie,47.792106,5.322018,Météo-France,2024-12-07 00:00:00
2024-02-24 00:00:00,1.978,3.42,4.9,Nice,1.86,Bretagne,48.918427,2.077333,Data.gouv.fr,2024-04-29 00:00:00
2024-10-18 00:00:00,1.752,5.97,8.66,Nantes,5.58,Auvergne-Rhône-Alpes,50.510576,5.822471,Data.gouv.fr,2024-03-04 00:00:00
2024-02-04 00:00:00,1.934,3.28,1.3,Lille,3.82,Grand Est,45.194532,1.028294,Airparif,2024-05-09 00:00:00
2024-12-23 00:00:00,1.901,1.72,6.86,Toulouse,5.89,Pays de la Loire,45.173121,-1.078998,Data.gouv.fr,2024-08-24 00:00:00
2024-06-28 00:00:00,1.907,2.65,2.71,Nice,2.92,Hauts-de-France,49.562611,4.032472,SNCF_Open_Data,2024-01-31 00:00:00
2024-09-09 00:00:00,1.959,4.21,2.49,Nantes,8.45,Hauts-de-France,48.097971,-1.193026,Airparif,2024-03-15 00:00:00
2024-03-10 00:00:00,1.879,7.17,5.74,Nice,7.62,Nouvelle-Aquitaine,47.711099,3.896291,Météo-France,2024-11-26 00:00:00
2024-05-17 00:00:00,1.707,5.1,7.38,Lyon,4.43,Nouvelle-Aquitaine,51.032641,4.791413,Météo-France,2024-12-26 00:00:00
2024-01-10 00:00:00,1.748,5.06,1.27,Montpellier,5.81,Nouvelle-Aquitaine,47.476948,2.369486,SNCF_Open_Data,2024-06-22 00:00:00
2024-08-22 00:00:00,1.92,6.38,8.7,Paris,2.46,Auvergne-Rhône-Alpes,52.457902,-1.275158,SNCF_Open_Data,2024-01-25 00:00:00
2024-11-10 00:00:00,1.917,3.51,1.41,Toulouse,6.6,Occitanie,46.106461,1.430598,Airparif,2024-11-28 00:00:00
2024-08-04 00:00:00,1.926,3.26,8.6,Marseille,7.06,Bretagne,46.696155,2.548713,Airparif,2024-09-22 00:00:00
2024-06-20 00:00:00,1.806,4.03,2.42,Lille,8.48,Grand Est,50.120308,4.852238,SNCF_Open_Data,2024-10-24 00:00:00
2024-12-09 00:00:00,1.977,6.43,3.97,Marseille,4.91,Normandie,51.232682,4.156416,Data.gouv.fr,2024-04-10 00:00:00
2024-05-27 00:00:00,1.727,1.38,2.1,Marseille,5.08,Bretagne,51.96756,1.739728,Météo-France,2024-07-08 00:00:00
2024-06-28 00:00:00,1.76,1.81,6.93,Marseille,5.85,Normandie,47.770599,0.405502,Météo-France,2024-06-10 00:00:00
2024-12-20 00:00:00,1.878,8.56,4.08,Paris,3.89,Normandie,50.223276,5.049783,SNCF_Open_Data,2024-04-08 00:00:00
2024-09-09 00:00:00,1.747,8.78,2.76,Lille,2.64,Pays de la Loire,46.978386,4.741046,Météo-France,2024-10-21 00:00:00
2024-03-05 00:00:00,1.946,3.03,3.14,Paris,4.84,Provence-Alpes-Côte d'Azur,47.045686,2.10261,RATP_Open_Data_2024,2024-03-22 00:00:00
2024-02-29 00:00:00,1.746,6.92,6.56,Nice,5.77,Occitanie,51.0746,0.362102,RATP_Open_Data_2024,2024-11-16 00:00:00
2024-03-11 00:00:00,1.802,5.88,4.58,Nantes,2.91,Grand Est,49.534269,3.835889,RATP_Open_Data_2024,2024-01-11 00:00:00
2024-02-20 00:00:00,1.749,1.53,7.33,Paris,5.27,Pays de la Loire,47.350219,3.798302,SNCF_Open_Data,2024-07-05 00:00:00
2024-09-02 00:00:00,1.712,5.6,1.99,Strasbourg,4.88,Provence-Alpes-Côte d'Azur,49.052577,2.869529,RATP_Open_Data_2024,2024-02-13 00:00:00
2024-05-10 00:00:00,1.982,4.05,4.58,Nice,8.52,Île-de-France,51.439733,4.681698,SNCF_Open_Data,2024-12-26 00:00:00
2024-10-25 00:00:00,1.91,1.73,1.62,Bordeaux,4.27,Occitanie,45.91677,1.773925,Météo-France,2024-08-27 00:00:00
2024-01-19 00:00:00,1.97,2.52,1.46,Marseille,8.64,Provence-Alpes-Côte d'Azur,50.48849,5.213762,Météo-France,2024-06-21 00:00:00
2024-10-04 00:00:00,1.926,2.09,4.99,Lyon,5.39,Grand Est,45.52737,3.411668,Airparif,2024-07-26 00:00:00
2024-12-24 00:00:00,1.829,5.5,2.74,Bordeaux,8.36,Provence-Alpes-Côte d'Azur,45.251527,0.469945,Airparif,2024-01-18 00:00:00
2024-08-08 00:00:00,1.718,8.37,3.32,Montpellier,7.43,Nouvelle-Aquitaine,49.96339,4.413084,Météo-France,2024-03-04 00:00:00
2024-06-13 00:00:00,1.954,2.64,7.06,Montpellier,7.23,Île-de-France,51.526901,0.917556,Data.gouv.fr,2024-08-04 00:00:00
2024-11-05 00:00:00,1.682,3.4,5.8,Montpellier,4.17,Auvergne-Rhône-Alpes,51.385573,4.923502,Airparif,2024-06-30 00:00:00
2024-08-28 00:00:00,1.875,1.3,7.66,Marseille,6.57,Occitanie,51.306004,4.189106,Data.gouv.fr,2024-12-10 00:00:00
2024-11-03 00:00:00,1.746,7.81,3.8,Lyon,6.29,Provence-Alpes-Côte d'Azur,45.646751,0.379691,SNCF_Open_Data,2024-10-29 00:00:00
2024-10-13 00:00:00,1.741,6.79,2.62,Nice,4.59,Grand Est,44.852947,0.355011,Météo-France,2024-09-13 00:00:00
2024-05-27 00:00:00,1.779,6.74,4.61,Lyon,2.46,Normandie,50.527915,4.687375,SNCF_Open_Data,2024-07-29 00:00:00
2024-01-12 00:00:00,1.921,6.6,6.46,Lille,2.04,Nouvelle-Aquitaine,45.88358,-0.161,SNCF_Open_Data,2024-10-16 00:00:00
2024-01-26 00:00:00,1.793,6.44,8.2,Nantes,7.03,Auvergne-Rhône-Alpes,51.673479,0.566947,SNCF_Open_Data,2024-09-26 00:00:00
2024-11-29 00:00:00,1.95,5.26,8.29,Nice,6.32,Grand Est,51.507226,-1.570539,Météo-France,2024-08-17 00:00:00
2024-05-21 00:00:00,1.927,4.19,3.55,Nantes,6.07,Pays de la Loire,46.041163,5.715516,Data.gouv.fr,2024-04-27 00:00:00
2024-12-22 00:00:00,1.814,2.0,8.08,Toulouse,2.78,Nouvelle-Aquitaine,45.841151,4.32565,SNCF_Open_Data,2024-08-01 00:00:00
2024-09-14 00:00:00,1.767,4.51,6.05,Nice,8.8,Nouvelle-Aquitaine,49.151637,3.139451,SNCF_Open_Data,2024-10-21 00:00:00
2024-02-26 00:00:00,1.931,4.64,5.83,Paris,5.65,Bretagne,46.673666,-0.45264,Météo-France,2024-07-14 00:00:00
2024-08-06 00:00:00,1.72,6.2,5.47,Montpellier,2.47,Nouvelle-Aquitaine,51.777943,3.998076,RATP_Open_Data_2024,2024-04-21 00:00:00
2024-03-18 00:00:00,1.899,8.57,8.07,Nice,5.97,Hauts-de-France,45.099038,0.595913,RATP_Open_Data_2024,2024-05-24 00:00:00
2024-10-10 00:00:00,1.866,1.99,4.85,Montpellier,6.13,Pays de la Loire,50.441661,3.098798,Météo-France,2024-06-20 00:00:00
2024-01-13 00:00:00,1.81,3.64,2.78,Bordeaux,3.01,Provence-Alpes-Côte d'Azur,51.187267,-0.471473,RATP_Open_Data_2024,2024-10-07 00:00:00
2024-11-09 00:00:00,1.722,4.19,1.78,Nice,8.63,Grand Est,46.926438,4.949175,Airparif,2024-10-09 00:00:00
2024-11-05 00:00:00,1.906,2.25,4.37,Lille,2.25,Auvergne-Rhône-Alpes,49.760065,1.387286,SNCF_Open_Data,2024-07-15 00:00:00
2024-02-21 00:00:00,1.989,1.26,8.26,Nantes,2.88,Normandie,48.404644,0.058269,SNCF_Open_Data,2024-03-09 00:00:00
2024-01-23 00:00:00,1.716,2.13,7.8,Strasbourg,2.18,Île-de-France,45.887305,3.034811,Météo-France,2024-01-11 00:00:00
2024-06-21 00:00:00,1.765,1.95,7.32,Paris,8.11,Grand Est,52.825694,4.149388,SNCF_Open_Data,2024-04-09 00:00:00
2024-02-05 00:00:00,1.896,8.49,7.2,Paris,6.63,Provence-Alpes-Côte d'Azur,52.078516,4.63691,Météo-France,2024-01-15 00:00:00
2024-10-26 00:00:00,1.853,5.88,7.14,Lille,7.12,Normandie,51.991797,0.209699,Météo-France,2024-02-28 00:00:00
2024-01-23 00:00:00,1.908,2.98,5.51,Nice,4.98,Bretagne,50.835563,2.249686,Météo-France,2024-11-26 00:00:00
2024-09-11 00:00:00,1.854,7.55,3.3,Montpellier,2.79,Pays de la Loire,51.563128,6.105925,Airparif,2024-11-11 00:00:00
2024-10-10 00:00:00,1.714,1.87,6.45,Lyon,2.14,Nouvelle-Aquitaine,48.619534,4.945474,SNCF_Open_Data,2024-02-08 00:00:00
2024-06-30 00:00:00,1.696,6.23,4.63,Lyon,7.22,Normandie,45.491317,3.130712,Météo-France,2024-12-19 00:00:00
2024-04-28 00:00:00,1.78,5.47,8.33,Nice,4.41,Bretagne,45.333464,-1.261304,Météo-France,2024-06-29 00:00:00
2024-05-28 00:00:00,1.794,6.13,6.04,Nice,1.64,Nouvelle-Aquitaine,49.910363,0.224712,SNCF_Open_Data,2024-01-12 00:00:00
2024-06-24 00:00:00,1.972,5.07,5.03,Marseille,4.26,Pays de la Loire,45.357786,1.563674,Data.gouv.fr,2024-12-13 00:00:00
2024-09-21 00:00:00,1.883,4.74,7.6,Nantes,6.54,Nouvelle-Aquitaine,45.594177,5.41713,SNCF_Open_Data,2024-10-30 00:00:00
2024-07-28 00:00:00,1.73,2.1,5.49,Toulouse,7.84,Hauts-de-France,51.805568,5.623504,Météo-France,2024-09-07 00:00:00
2024-12-16 00:00:00,1.723,1.74,1.28,Montpellier,1.37,Provence-Alpes-Côte d'Azur,44.982294,4.924683,RATP_Open_Data_2024,2024-07-12 00:00:00
2024-03-04 00:00:00,1.923,2.57,6.23,Strasbourg,2.03,Hauts-de-France,50.440136,2.153783,Data.gouv.fr,2024-07-12 00:00:00
2024-08-08 00:00:00,1.857,2.74,4.17,Marseille,7.62,Normandie,52.012455,2.750816,RATP_Open_Data_2024,2024-06-20 00:00:00
2024-09-28 00:00:00,1.964,5.71,5.97,Paris,1.66,Pays de la Loire,47.981409,1.315012,RATP_Open_Data_2024,2024-12-07 00:00:00
2024-12-24 00:00:00,1.732,5.47,2.34,Lille,6.34,Occitanie,51.928475,3.278509,SNCF_Open_Data,2024-11-23 00:00:00
2024-10-04 00:00:00,1.929,1.41,8.53,Toulouse,2.95,Auvergne-Rhône-Alpes,50.896961,0.345502,Data.gouv.fr,2024-05-31 00:00:00
2024-03-14 00:00:00,1.734,3.45,3.2,Bordeaux,3.68,Auvergne-Rhône-Alpes,52.209595,-0.499178,RATP_Open_Data_2024,2024-08-20 00:00:00
2024-03-06 00:00:00,1.824,8.4,7.07,Lyon,3.58,Provence-Alpes-Côte d'Azur,50.078729,-0.036202,SNCF_Open_Data,2024-01-23 00:00:00
2024-10-29 00:00:00,1.975,5.26,3.4,Nantes,2.98,Grand Est,46.396246,1.002056,RATP_Open_Data_2024,2024-12-12 00:00:00
2024-12-13 00:00:00,1.852,4.26,3.45,Marseille,6.89,Grand Est,45.579076,2.388326,Data.gouv.fr,2024-09-08 00:00:00
2024-05-31 00:00:00,1.897,1.98,6.02,Nice,4.82,Normandie,50.375407,2.932841,Météo-France,2024-04-19 00:00:00
2024-06-19 00:00:00,1.794,1.72,3.0,Lille,2.57,Bretagne,46.389062,6.120371,Data.gouv.fr,2024-07-25 00:00:00
2024-04-16 00:00:00,1.909,6.24,2.67,Nantes,5.95,Île-de-France,45.5239,1.076607,RATP_Open_Data_2024,2024-11-25 00:00:00
2024-01-23 00:00:00,1.695,6.13,2.55,Bordeaux,1.8,Occitanie,50.482737,4.854351,Airparif,2024-12-12 00:00:00
2024-02-19 00:00:00,1.707,2.58,4.0,Montpellier,6.96,Nouvelle-Aquitaine,48.566338,-0.986058,Data.gouv.fr,2024-06-12 00:00:00
2024-01-12 00:00:00,1.839,5.53,6.63,Nice,3.67,Île-de-France,45.774399,3.744926,RATP_Open_Data_2024,2024-08-07 00:00:00
2024-03-14 00:00:00,1.81,3.6,6.65,Lyon,4.61,Bretagne,47.692755,0.872962,RATP_Open_Data_2024,2024-11-05 00:00:00
2024-12-12 00:00:00,1.962,8.39,4.67,Strasbourg,2.96,Hauts-de-France,47.879331,-1.042368,SNCF_Open_Data,2024-11-05 00:00:00
2024-08-15 00:00:00,1.876,7.62,2.68,Lyon,7.54,Bretagne,44.964077,2.06655,Airparif,2024-03-13 00:00:00
2024-08-26 00:00:00,1.761,7.94,6.78,Bordeaux,2.26,Auvergne-Rhône-Alpes,46.289541,2.917473,Météo-France,2024-02-21 00:00:00
2024-10-09 00:00:00,1.709,7.49,2.82,Nantes,6.51,Auvergne-Rhône-Alpes,46.145372,1.470211,Data.gouv.fr,2024-03-06 00:00:00
2024-03-18 00:00:00,1.743,8.54,1.26,Nantes,1.53,Hauts-de-France,49.970453,-1.509877,Airparif,2024-12-26 00:00:00
2024-08-09 00:00:00,1.925,1.92,6.17,Bordeaux,2.1,Île-de-France,50.520544,2.447672,Météo-France,2024-06-14 00:00:00
2024-02-02 00:00:00,1.709,7.87,1.87,Paris,6.41,Nouvelle-Aquitaine,45.826627,4.860699,Météo-France,2024-11-23 00:00:00
2024-09-29 00:00:00,1.818,8.2,1.82,Toulouse,2.96,Pays de la Loire,46.569459,0.753585,SNCF_Open_Data,2024-09-24 00:00:00
2024-01-12 00:00:00,1.788,3.01,4.7,Marseille,4.18,Pays de la Loire,50.604042,0.425427,Météo-France,2024-09-15 00:00:00
2024-10-22 00:00:00,1.704,8.01,7.52,Bordeaux,5.61,Bretagne,48.697785,6.341347,SNCF_Open_Data,2024-11-10 00:00:00
2024-07-18 00:00:00,1.765,5.49,2.42,Nantes,4.77,Occitanie,47.954169,4.844647,Data.gouv.fr,2024-11-04 00:00:00
2024-01-17 00:00:00,1.918,3.29,6.65,Toulouse,2.54,Occitanie,50.998038,4.968104,Airparif,2024-11-04 00:00:00
2024-04-21 00:00:00,1.734,2.34,6.35,Bordeaux,2.77,Hauts-de-France,51.6862,1.40226,Data.gouv.fr,2024-06-19 00:00:00
2024-11-14 00:00:00,1.758,6.54,4.77,Bordeaux,1.62,Bretagne,50.379258,-0.609008,Météo-France,2024-07-25 00:00:00
2024-05-13 00:00:00,1.818,4.55,7.44,Bordeaux,4.68,Bretagne,50.94217,6.109413,Data.gouv.fr,2024-04-20 00:00:00
2024-10-23 00:00:00,1.851,7.43,2.31,Toulouse,4.84,Bretagne,50.709173,1.860347,Météo-France,2024-11-04 00:00:00
2024-05-01 00:00:00,1.802,7.63,5.95,Paris,6.02,Nouvelle-Aquitaine,47.004751,0.063033,Data.gouv.fr,2024-04-01 00:00:00
2024-07-16 00:00:00,1.718,1.62,3.94,Paris,5.57,Pays de la Loire,51.052962,3.552346,Météo-France,2024-07-05 00:00:00
2024-08-30 00:00:00,1.937,3.55,3.81,Nantes,3.76,Occitanie,46.482355,-0.400466,Airparif,2024-04-02 00:00:00
2024-08-24 00:00:00,1.861,7.22,7.51,Nice,6.91,Nouvelle-Aquitaine,47.904136,6.121157,RATP_Open_Data_2024,2024-10-17 00:00:00
2024-06-17 00:00:00,1.697,1.62,7.43,Nice,4.04,Bretagne,46.276293,3.654898,Data.gouv.fr,2024-12-20 00:00:00
2024-11-17 00:00:00,1.917,8.32,1.25,Lyon,8.58,Pays de la Loire,52.162763,5.931811,Data.gouv.fr,2024-04-13 00:00:00
2024-09-22 00:00:00,1.864,5.27,2.64,Nice,7.63,Normandie,52.619404,4.175042,SNCF_Open_Data,2024-03-20 00:00:00
2024-04-27 00:00:00,1.695,4.4,8.13,Toulouse,3.95,Bretagne,52.336138,5.912194,Data.gouv.fr,2024-10-24 00:00:00
2024-06-10 00:00:00,1.884,6.27,4.18,Marseille,6.59,Occitanie,48.322212,-0.457401,Airparif,2024-10-13 00:00:00
2024-05-06 00:00:00,1.762,2.46,4.57,Montpellier,7.84,Hauts-de-France,49.522914,0.403008,RATP_Open_Data_2024,2024-09-10 00:00:00
2024-01-24 00:00:00,1.816,7.96,1.53,Montpellier,8.53,Pays de la Loire,49.445128,4.804632,SNCF_Open_Data,2024-08-29 00:00:00
2024-01-05 00:00:00,1.776,6.13,1.23,Toulouse,6.3,Auvergne-Rhône-Alpes,50.647726,-0.292511,Data.gouv.fr,2024-09-06 00:00:00
2024-06-15 00:00:00,1.731,4.12,5.99,Paris,4.14,Occitanie,45.580826,-0.912189,Data.gouv.fr,2024-06-15 00:00:00
2024-10-19 00:00:00,1.734,5.34,3.27,Toulouse,5.55,Pays de la Loire,49.166695,1.437447,SNCF_Open_Data,2024-10-21 00:00:00
2024-07-08 00:00:00,1.723,5.43,1.29,Paris,5.96,Bretagne,52.592659,-0.57038,Airparif,2024-04-30 00:00:00
2024-04-26 00:00:00,1.842,2.27,6.67,Paris,4.27,Bretagne,51.685296,0.112178,Data.gouv.fr,2024-12-20 00:00:00
2024-03-07 00:00:00,1.71,3.96,1.3,Strasbourg,8.37,Provence-Alpes-Côte d'Azur,49.222965,2.887129,Météo-France,2024-09-15 00:00:00
2024-02-19 00:00:00,1.829,6.55,7.51,Lille,1.55,Pays de la Loire,52.149828,-0.599833,SNCF_Open_Data,2024-01-18 00:00:00
2024-01-09 00:00:00,1.747,6.39,2.59,Lyon,2.91,Grand Est,45.572109,3.267404,SNCF_Open_Data,2024-07-29 00:00:00
2024-09-15 00:00:00,1.803,5.2,5.53,Nantes,6.2,Provence-Alpes-Côte d'Azur,52.080326,0.153763,RATP_Open_Data_2024,2024-02-06 00:00:00
2024-12-17 00:00:00,1.873,4.06,3.58,Lille,8.15,Auvergne-Rhône-Alpes,45.058853,0.888233,RATP_Open_Data_2024,2024-09-13 00:00:00
2024-10-11 00:00:00,1.705,2.67,7.4,Nice,8.33,Normandie,47.915882,5.743921,Data.gouv.fr,2024-07-23 00:00:00
2024-06-16 00:00:00,1.751,8.69,5.35,Lyon,4.72,Provence-Alpes-Côte d'Azur,52.163065,0.903757,Airparif,2024-03-18 00:00:00
2024-02-14 00:00:00,1.828,1.84,4.1,Montpellier,1.58,Pays de la Loire,46.492403,3.986684,SNCF_Open_Data,2024-04-11 00:00:00
2024-12-03 00:00:00,1.885,6.14,7.55,Toulouse,1.76,Occitanie,48.775405,-0.40989,RATP_Open_Data_2024,2024-05-26 00:00:00
2024-11-16 00:00:00,1.904,6.13,6.31,Bordeaux,6.74,Pays de la Loire,52.336345,4.557793,SNCF_Open_Data,2024-07-07 00:00:00
2024-08-18 00:00:00,1.707,6.84,4.79,Strasbourg,6.99,Île-de-France,51.739811,1.739842,SNCF_Open_Data,2024-05-16 00:00:00
2024-08-16 00:00:00,1.849,5.03,2.14,Strasbourg,1.66,Provence-Alpes-Côte d'Azur,50.115438,-0.522874,Airparif,2024-12-21 00:00:00
2024-07-11 00:00:00,1.843,3.16,3.55,Lyon,5.65,Pays de la Loire,47.164199,1.3347,Airparif,2024-06-19 00:00:00
2024-04-26 00:00:00,1.942,7.3,2.29,Nice,7.43,Auvergne-Rhône-Alpes,46.972445,-0.742429,Airparif,2024-03-09 00:00:00
2024-07-15 00:00:00,1.864,2.78,7.08,Lille,1.49,Normandie,49.671399,0.789233,Data.gouv.fr,2024-08-06 00:00:00
2024-06-08 00:00:00,1.786,6.31,6.67,Lille,2.52,Nouvelle-Aquitaine,50.980026,4.730928,RATP_Open_Data_2024,2024-08-19 00:00:00
2024-03-14 00:00:00,1.898,6.24,4.31,Bordeaux,6.7,Occitanie,45.277923,1.780706,Airparif,2024-04-21 00:00:00
2024-12-16 00:00:00,1.844,4.57,5.21,Lyon,4.59,Auvergne-Rhône-Alpes,51.27636,0.528357,RATP_Open_Data_2024,2024-01-08 00:00:00
2024-11-26 00:00:00,1.73,2.51,2.17,Marseille,5.07,Île-de-France,44.987026,1.811729,SNCF_Open_Data,2024-02-03 00:00:00
2024-05-10 00:00:00,1.761,1.53,2.42,Lyon,3.26,Hauts-de-France,47.035857,4.624221,Airparif,2024-01-29 00:00:00
2024-08-14 00:00:00,1.797,5.17,4.69,Bordeaux,7.79,Pays de la Loire,45.933607,3.841966,Airparif,2024-08-17 00:00:00
2024-02-18 00:00:00,1.939,3.54,5.9,Paris,8.37,Occitanie,48.135425,5.043179,SNCF_Open_Data,2024-11-11 00:00:00
2024-04-13 00:00:00,1.96,6.33,3.85,Lyon,2.64,Occitanie,52.490855,4.772602,Météo-France,2024-02-27 00:00:00
2024-12-08 00:00:00,1.805,2.35,2.3,Strasbourg,8.62,Nouvelle-Aquitaine,50.975401,-1.410108,RATP_Open_Data_2024,2024-02-19 00:00:00
2024-02-06 00:00:00,1.708,1.25,1.98,Strasbourg,2.37,Normandie,50.356378,0.745779,Data.gouv.fr,2024-03-12 00:00:00
2024-11-17 00:00:00,1.85,4.0,7.15,Lille,5.46,Normandie,50.540057,0.628814,RATP_Open_Data_2024,2024-10-25 00:00:00
2024-03-17 00:00:00,1.728,1.63,4.49,Paris,8.35,Grand Est,50.011237,6.212604,SNCF_Open_Data,2024-03-15 00:00:00
2024-11-28 00:00:00,1.844,8.68,6.4,Lille,3.37,Île-de-France,46.240433,2.067129,Airparif,2024-04-01 00:00:00
2024-07-27 00:00:00,1.843,7.87,1.23,Paris,3.4,Provence-Alpes-Côte d'Azur,52.314615,5.838587,Airparif,2024-06-15 00:00:00
2024-06-14 00:00:00,1.868,4.7,2.68,Montpellier,5.22,Île-de-France,49.291347,0.010233,RATP_Open_Data_2024,2024-07-08 00:00:00
2024-01-02 00:00:00,1.743,5.62,3.19,Strasbourg,8.09,Île-de-France,45.402618,1.707578,Météo-France,2024-04-07 00:00:00
2024-09-01 00:00:00,1.794,8.54,5.72,Strasbourg,2.65,Hauts-de-France,48.244225,5.732564,Data.gouv.fr,2024-03-24 00:00:00
2024-07-04 00:00:00,1.862,8.62,3.36,Montpellier,4.15,Auvergne-Rhône-Alpes,45.321247,3.448453,SNCF_Open_Data,2024-02-24 00:00:00
2024-02-22 00:00:00,1.767,2.43,1.99,Marseille,8.68,Provence-Alpes-Côte d'Azur,49.207776,-1.110138,RATP_Open_Data_2024,2024-11-30 00:00:00
2024-09-23 00:00:00,1.814,8.35,1.58,Nantes,5.46,Occitanie,45.911656,6.200396,Météo-France,2024-04-17 00:00:00
2024-02-23 00:00:00,1.813,4.34,6.28,Bordeaux,7.49,Nouvelle-Aquitaine,48.825254,2.491315,Météo-France,2024-01-31 00:00:00
2024-10-14 00:00:00,1.738,2.25,8.65,Marseille,2.92,Grand Est,46.048014,0.704317,SNCF_Open_Data,2024-06-14 00:00:00
2024-04-02 00:00:00,1.966,5.58,4.47,Paris,2.66,Grand Est,47.680841,2.585604,RATP_Open_Data_2024,2024-11-03 00:00:00
2024-07-13 00:00:00,1.922,5.26,6.98,Lyon,3.92,Normandie,49.411225,6.128501,SNCF_Open_Data,2024-04-08 00:00:00
2024-09-06 00:00:00,1.958,3.16,3.08,Lyon,2.05,Île-de-France,49.989889,3.943743,RATP_Open_Data_2024,2024-09-10 00:00:00
2024-06-01 00:00:00,1.868,5.6,4.35,Strasbourg,5.53,Normandie,46.01872,0.947529,RATP_Open_Data_2024,2024-02-27 00:00:00
2024-08-23 00:00:00,1.847,3.85,2.08,Nantes,1.44,Île-de-France,45.105853,4.424096,RATP_Open_Data_2024,2024-08-09 00:00:00
2024-01-22 00:00:00,1.855,5.89,2.72,Nice,2.31,Hauts-de-France,48.428138,3.595509,Météo-France,2024-07-12 00:00:00
2024-06-04 00:00:00,1.744,8.15,2.22,Nantes,2.65,Bretagne,48.630398,3.766978,Météo-France,2024-09-01 00:00:00
2024-08-08 00:00:00,1.968,6.62,5.29,Nice,3.57,Pays de la Loire,51.153034,-0.291897,Airparif,2024-06-18 00:00:00
2024-05-04 00:00:00,1.957,4.27,8.52,Strasbourg,7.04,Bretagne,47.953056,6.058686,RATP_Open_Data_2024,2024-06-02 00:00:00
2024-05-15 00:00:00,1.683,6.24,2.36,Nice,2.09,Auvergne-Rhône-Alpes,47.304744,-1.139356,RATP_Open_Data_2024,2024-05-15 00:00:00
2024-03-13 00:00:00,1.749,5.41,1.78,Bordeaux,2.72,Île-de-France,47.636393,-0.293712,Airparif,2024-10-03 00:00:00
2024-07-14 00:00:00,1.73,3.99,8.51,Bordeaux,6.35,Hauts-de-France,51.565883,3.019639,SNCF_Open_Data,2024-09-28 00:00:00
2024-11-13 00:00:00,1.758,8.1,6.37,Marseille,5.24,Auvergne-Rhône-Alpes,48.423497,2.036148,SNCF_Open_Data,2024-03-08 00:00:00
2024-05-08 00:00:00,1.954,7.19,4.8,Lille,3.61,Bretagne,47.284793,4.860652,Airparif,2024-09-06 00:00:00
2024-05-17 00:00:00,1.893,7.75,1.96,Lyon,1.81,Normandie,46.790353,0.288669,Data.gouv.fr,2024-10-29 00:00:00
2024-06-03 00:00:00,1.872,7.36,7.75,Strasbourg,2.81,Nouvelle-Aquitaine,47.985457,2.247382,SNCF_Open_Data,2024-09-29 00:00:00
2024-12-17 00:00:00,1.795,6.22,2.3,Strasbourg,7.48,Occitanie,51.547232,1.223287,Airparif,2024-05-26 00:00:00
2024-08-04 00:00:00,1.824,8.63,6.52,Lille,7.95,Auvergne-Rhône-Alpes,47.695999,2.267225,Data.gouv.fr,2024-01-27 00:00:00
2024-07-16 00:00:00,1.809,6.07,5.78,Paris,6.38,Pays de la Loire,47.232072,1.67554,Airparif,2024-10-11 00:00:00
2024-05-04 00:00:00,1.954,7.23,1.2,Bordeaux,5.62,Île-de-France,48.943363,-0.433104,SNCF_Open_Data,2024-10-23 00:00:00
2024-08-03 00:00:00,1.851,7.98,1.46,Montpellier,2.31,Bretagne,49.774168,2.222111,Airparif,2024-10-30 00:00:00
2024-09-28 00:00:00,1.705,8.13,3.36,Strasbourg,5.2,Île-de-France,47.458926,-0.384128,SNCF_Open_Data,2024-06-13 00:00:00
2024-09-21 00:00:00,1.8,5.51,7.17,Bordeaux,7.16,Bretagne,48.094785,2.102745,SNCF_Open_Data,2024-07-17 00:00:00
2024-07-10 00:00:00,1.75,4.32,4.32,Nice,3.52,Occitanie,45.713406,1.205873,RATP_Open_Data_2024,2024-09-05 00:00:00
2024-05-07 00:00:00,1.813,1.77,4.83,Paris,7.8,Bretagne,47.993933,0.163781,RATP_Open_Data_2024,2024-09-23 00:00:00
2024-02-15 00:00:00,1.795,4.57,2.45,Strasbourg,3.07,Île-de-France,48.514079,4.89923,SNCF_Open_Data,2024-02-27 00:00:00
2024-04-17 00:00:00,1.952,7.97,1.88,Montpellier,5.31,Grand Est,51.189841,-1.407955,RATP_Open_Data_2024,2024-01-15 00:00:00
2024-06-09 00:00:00,1.833,7.17,5.28,Lille,5.86,Auvergne-Rhône-Alpes,47.638713,-1.181557,RATP_Open_Data_2024,2024-02-21 00:00:00
2024-02-20 00:00:00,1.975,1.74,1.56,Toulouse,4.51,Nouvelle-Aquitaine,49.551955,4.014551,RATP_Open_Data_2024,2024-07-14 00:00:00
2024-06-30 00:00:00,1.746,7.22,5.54,Paris,2.47,Auvergne-Rhône-Alpes,45.234524,3.438048,RATP_Open_Data_2024,2024-07-10 00:00:00
2024-03-29 00:00:00,1.759,6.14,3.54,Marseille,1.36,Grand Est,48.374251,0.069944,Airparif,2024-10-19 00:00:00
2024-04-02 00:00:00,1.832,3.62,5.53,Paris,3.27,Île-de-France,52.081034,-0.723131,Airparif,2024-10-16 00:00:00
2024-04-20 00:00:00,1.854,1.98,3.09,Montpellier,3.43,Île-de-France,51.319535,3.133327,SNCF_Open_Data,2024-08-02 00:00:00
2024-02-03 00:00:00,1.954,5.21,5.06,Marseille,2.63,Hauts-de-France,46.291859,3.851407,SNCF_Open_Data,2024-06-02 00:00:00
2024-02-13 00:00:00,1.821,8.16,1.73,Lyon,5.7,Île-de-France,50.62047,1.729534,Météo-France,2024-05-29 00:00:00
2024-06-28 00:00:00,1.769,2.41,4.06,Lille,3.57,Île-de-France,50.402637,4.122954,SNCF_Open_Data,2024-02-08 00:00:00
2024-12-14 00:00:00,1.847,3.31,6.52,Bordeaux,3.56,Occitanie,51.669942,4.890552,Météo-France,2024-09-06 00:00:00
2024-02-25 00:00:00,1.803,1.21,7.37,Bordeaux,5.73,Île-de-France,47.316344,5.253003,Data.gouv.fr,2024-09-30 00:00:00
2024-03-02 00:00:00,1.858,2.68,4.45,Nice,1.86,Nouvelle-Aquitaine,45.741946,0.373613,Météo-France,2024-11-02 00:00:00
2024-04-05 00:00:00,1.956,2.15,3.21,Paris,7.04,Occitanie,50.945599,1.517649,Data.gouv.fr,2024-06-07 00:00:00
2024-04-17 00:00:00,1.777,5.92,7.65,Nice,6.49,Hauts-de-France,50.308862,-0.0496,Météo-France,2024-03-31 00:00:00
2024-01-10 00:00:00,1.918,2.31,4.67,Lyon,8.5,Hauts-de-France,50.501313,3.676942,Météo-France,2024-02-25 00:00:00
2024-12-04 00:00:00,1.848,7.16,5.25,Marseille,4.02,Provence-Alpes-Côte d'Azur,46.477768,0.625854,Météo-France,2024-04-10 00:00:00
2024-03-19 00:00:00,1.771,6.06,5.03,Toulouse,5.33,Bretagne,47.969865,5.436821,Airparif,2024-04-28 00:00:00
2024-04-02 00:00:00,1.942,5.75,7.83,Toulouse,3.32,Bretagne,45.774302,0.794953,SNCF_Open_Data,2024-03-11 00:00:00
2024-09-15 00:00:00,1.872,7.2,2.67,Lille,6.43,Provence-Alpes-Côte d'Azur,49.048794,-0.853429,RATP_Open_Data_2024,2024-01-26 00:00:00
2024-01-13 00:00:00,1.95,2.01,8.35,Bordeaux,3.82,Grand Est,51.876823,2.781704,SNCF_Open_Data,2024-05-16 00:00:00
2024-11-06 00:00:00,1.697,5.06,5.78,Lille,6.47,Normandie,46.113012,2.858085,Météo-France,2024-11-20 00:00:00
2024-08-07 00:00:00,1.916,8.66,8.43,Paris,6.11,Hauts-de-France,49.123251,6.102846,SNCF_Open_Data,2024-05-10 00:00:00
2024-05-22 00:00:00,1.681,4.15,5.93,Bordeaux,4.74,Normandie,46.21056,0.998637,Airparif,2024-03-07 00:00:00
2024-06-30 00:00:00,1.919,4.69,8.51,Marseille,7.99,Provence-Alpes-Côte d'Azur,50.467502,0.091106,Airparif,2024-08-12 00:00:00
2024-11-18 00:00:00,1.963,4.1,4.06,Toulouse,2.74,Bretagne,52.723152,2.845351,RATP_Open_Data_2024,2024-02-01 00:00:00
2024-03-09 00:00:00,1.925,3.67,6.98,Strasbourg,4.48,Grand Est,46.045162,4.191755,SNCF_Open_Data,2024-04-17 00:00:00
2024-02-18 00:00:00,1.925,5.21,7.13,Lyon,3.22,Auvergne-Rhône-Alpes,51.084151,2.995035,Météo-France,2024-07-18 00:00:00
