col_id_station,col_latitude,col_longitude,col_cp,col_ville,col_adresse,col_carburant,col_prix,col_date_maj,col_services
S_071,48.32643,6.212646,5.76,Montpellier,7.55,7.09,1.935,2024-03-08 00:00:00,7.02
S_048,49.393234,0.666365,7.3,Montpellier,6.75,2.06,1.867,2024-02-08 00:00:00,7.89
S_069,50.317793,-0.337489,4.12,Lyon,5.21,5.49,1.979,2024-04-27 00:00:00,4.17
S_067,46.779609,5.538541,6.58,Marseille,1.36,4.75,1.955,2024-08-17 00:00:00,5.66
S_032,48.69709,-1.196267,5.15,Lyon,2.82,8.15,1.866,2024-03-16 00:00:00,4.07
S_088,48.810153,3.664007,8.03,Marseille,4.14,6.66,1.696,2024-06-26 00:00:00,7.83
S_075,51.038712,2.841746,4.93,Paris,4.23,2.52,1.87,2024-07-23 00:00:00,2.77
S_090,50.362544,4.327945,5.2,Toulouse,6.99,2.66,1.82,2024-06-16 00:00:00,6.47
S_014,47.493161,1.817169,6.52,Toulouse,4.81,2.17,1.793,2024-03-11 00:00:00,3.54
S_058,48.140156,2.869875,1.88,Nantes,6.17,6.66,1.814,2024-01-21 00:00:00,4.01
S_050,49.491716,0.436377,6.09,Lyon,4.02,4.61,1.874,2024-09-06 00:00:00,2.57
S_046,50.429671,0.234872,5.15,Toulouse,1.61,1.3,1.733,2024-09-28 00:00:00,4.41
S_022,46.859314,0.036348,2.46,Nice,8.18,4.66,1.712,2024-04-23 00:00:00,7.96
S_047,51.054067,4.197694,7.29,Paris,5.14,4.22,1.843,2024-09-05 00:00:00,1.99
S_004,45.122091,4.625668,7.91,Strasbourg,2.54,2.75,1.898,2024-06-02 00:00:00,8.17
S_033,51.160356,1.605626,8.39,Lyon,5.1,3.77,1.857,2024-05-28 00:00:00,7.01
S_028,47.610871,4.622354,7.34,Strasbourg,6.86,2.32,1.765,2024-05-26 00:00:00,7.78
S_049,51.627649,2.895185,5.45,Montpellier,5.58,8.14,1.849,2024-10-25 00:00:00,3.78
S_100,48.884274,3.544099,8.67,Lille,2.36,7.75,1.938,2024-01-26 00:00:00,7.84
S_082,51.372719,3.485611,3.84,Paris,2.37,2.79,1.875,2024-11-26 00:00:00,6.1
S_082,46.765933,-0.431607,4.73,Paris,2.98,1.52,1.94,2024-04-03 00:00:00,4.93
S_084,46.579116,4.100433,4.78,Lille,3.67,4.61,1.863,2024-02-18 00:00:00,1.57
S_071,49.78382,-1.248764,8.36,Bordeaux,6.09,3.2,1.841,2024-05-06 00:00:00,8.48
S_090,46.436507,2.171837,3.49,Nantes,3.86,1.36,1.848,2024-05-11 00:00:00,1.89
S_084,49.672114,4.088544,8.39,Marseille,8.47,7.67,1.683,2024-05-07 00:00:00,2.5
S_065,49.501718,5.322724,5.8,Lille,8.46,1.35,1.988,2024-02-05 00:00:00,3.78
S_093,48.254759,6.119571,7.49,Lille,5.45,5.47,1.728,2024-08-09 00:00:00,5.09
S_093,44.900013,5.717965,7.42,Paris,7.26,7.69,1.837,2024-02-22 00:00:00,6.92
S_056,46.257694,1.168826,4.63,Bordeaux,5.83,2.24,1.702,2024-06-09 00:00:00,2.36
S_015,50.425502,0.919976,5.84,Lyon,2.01,7.5,1.683,2024-02-22 00:00:00,7.18
S_076,49.272935,-0.315753,8.61,Montpellier,5.5,3.58,1.969,2024-09-30 00:00:00,4.23
S_027,50.535071,2.999523,5.48,Strasbourg,4.77,1.63,1.809,2024-12-07 00:00:00,7.69
S_007,52.643897,3.231916,3.52,Bordeaux,4.02,6.69,1.772,2024-01-05 00:00:00,3.53
S_080,48.414283,4.413223,8.57,Montpellier,4.53,7.8,1.761,2024-10-27 00:00:00,3.54
S_061,46.240264,-1.279024,8.35,Toulouse,3.55,5.41,1.863,2024-10-06 00:00:00,2.39
S_092,50.951702,4.093539,2.86,Toulouse,8.65,8.57,1.87,2024-11-18 00:00:00,6.63
S_034,52.762608,-0.662465,8.74,Strasbourg,1.35,7.53,1.811,2024-12-14 00:00:00,1.33
S_055,47.580514,0.440785,4.8,Montpellier,3.34,5.48,1.854,2024-05-10 00:00:00,6.09
S_087,45.362536,2.663871,3.26,Bordeaux,5.46,2.49,1.9,2024-07-18 00:00:00,6.7
S_044,48.792371,3.60784,4.75,Bordeaux,5.98,1.95,1.935,2024-10-26 00:00:00,1.86
S_044,45.503401,4.03938,2.93,Montpellier,1.92,3.45,1.809,2024-09-04 00:00:00,6.73
S_012,48.943529,3.266503,8.66,Montpellier,6.98,2.17,1.839,2024-07-18 00:00:00,3.14
S_082,50.724263,0.216651,5.49,Marseille,8.03,3.17,1.896,2024-06-21 00:00:00,6.72
S_066,45.019844,2.427699,2.77,Bordeaux,5.28,1.89,1.747,2024-07-16 00:00:00,7.53
S_084,46.657715,1.381311,6.16,Paris,5.83,6.73,1.905,2024-05-07 00:00:00,2.26
S_058,52.778161,2.917552,5.88,Lyon,3.21,2.22,1.693,2024-04-04 00:00:00,3.95
S_070,46.364621,-1.347287,6.65,Bordeaux,1.87,2.24,1.852,2024-09-30 00:00:00,3.57
S_094,47.810332,0.229901,7.21,Lyon,2.17,3.56,1.949,2024-05-02 00:00:00,8.09
S_033,48.974244,5.462845,7.22,Nantes,5.73,7.2,1.77,2024-10-14 00:00:00,1.26
S_020,50.204033,4.176288,6.9,Nantes,3.23,7.37,1.958,2024-06-11 00:00:00,7.24
S_041,48.290694,3.3881,7.33,Toulouse,3.51,3.27,1.981,2024-09-20 00:00:00,4.82
S_070,45.704926,0.586074,6.77,Bordeaux,8.75,7.83,1.874,2024-06-12 00:00:00,2.19
S_060,50.604206,5.173691,5.95,Lyon,5.37,6.21,1.901,2024-07-28 00:00:00,6.46
S_058,45.023898,6.345283,5.82,Toulouse,3.32,1.98,1.685,2024-01-27 00:00:00,5.32
S_026,52.564299,4.098236,6.16,Montpellier,1.39,7.41,1.803,2024-05-04 00:00:00,3.13
S_062,52.028445,6.309691,4.37,Bordeaux,4.84,3.22,1.819,2024-02-29 00:00:00,3.82
S_093,47.343938,5.79955,6.43,Lille,8.37,6.08,1.756,2024-08-17 00:00:00,2.19
S_060,48.635655,-0.687852,2.69,Lyon,5.43,4.0,1.965,2024-08-01 00:00:00,3.39
S_082,52.030706,2.446812,5.24,Bordeaux,3.59,1.78,1.833,2024-02-10 00:00:00,4.47
S_042,45.93093,1.253125,4.27,Toulouse,3.15,6.76,1.898,2024-09-10 00:00:00,2.84
S_026,47.445056,4.853833,2.81,Lyon,6.73,2.5,1.705,2024-03-02 00:00:00,8.25
S_041,48.944196,5.242155,8.51,Marseille,8.03,4.04,1.7,2024-10-23 00:00:00,8.05
S_021,50.70292,0.472144,5.03,Nice,2.9,2.44,1.687,2024-06-13 00:00:00,6.76
S_056,46.344317,-1.372313,8.64,Lille,8.06,5.89,1.877,2024-09-06 00:00:00,4.2
S_070,46.713364,6.255051,1.65,Lille,6.5,5.85,1.811,2024-03-10 00:00:00,8.65
S_059,47.687317,3.754383,8.01,Toulouse,7.35,1.81,1.761,2024-09-08 00:00:00,1.35
S_036,46.695145,-0.390914,3.5,Bordeaux,7.91,1.53,1.831,2024-11-16 00:00:00,8.65
S_071,45.980735,5.121446,4.16,Bordeaux,5.12,5.44,1.9,2024-02-22 00:00:00,5.69
S_080,51.670701,2.1841,6.0,Nantes,8.5,3.47,1.884,2024-04-29 00:00:00,4.71
S_084,52.043746,5.9434,8.28,Toulouse,6.16,6.2,1.683,2024-01-19 00:00:00,6.6
S_051,49.391305,5.551197,5.79,Paris,1.37,3.59,1.698,2024-04-23 00:00:00,3.22
S_087,47.750579,5.985871,7.57,Lyon,4.55,2.84,1.878,2024-06-13 00:00:00,3.05
S_018,48.725796,1.275543,3.45,Nantes,4.94,1.77,1.807,2024-02-21 00:00:00,7.65
S_061,45.224476,4.569559,2.71,Bordeaux,3.12,5.96,1.707,2024-01-30 00:00:00,4.37
S_027,49.340861,-1.20665,7.58,Lyon,5.0,7.54,1.897,2024-08-25 00:00:00,6.85
S_026,50.062316,-1.069768,6.78,Montpellier,1.85,5.07,1.885,2024-10-13 00:00:00,7.35
S_072,48.683594,-1.546082,6.68,Montpellier,8.66,5.99,1.718,2024-06-20 00:00:00,8.15
S_002,45.142704,2.501026,7.8,Montpellier,2.05,6.65,1.699,2024-02-01 00:00:00,8.27
S_058,45.616902,4.627493,6.56,Lille,2.65,7.04,1.741,2024-07-15 00:00:00,6.62
S_073,48.722911,0.754445,5.55,Lyon,5.41,7.97,1.937,2024-05-05 00:00:00,5.85
S_066,52.757145,6.115973,6.03,Lyon,1.25,6.5,1.724,2024-09-23 00:00:00,5.36
S_018,49.438081,0.390277,4.02,Montpellier,8.58,4.57,1.947,2024-12-08 00:00:00,3.04
S_029,47.635935,6.013022,2.14,Toulouse,2.33,4.36,1.9,2024-06-03 00:00:00,3.77
S_004,46.539054,4.528764,8.41,Bordeaux,2.24,5.9,1.916,2024-08-25 00:00:00,5.17
S_006,51.573179,-0.73458,5.18,Paris,3.56,7.12,1.836,2024-06-14 00:00:00,3.31
S_047,47.759739,2.192569,5.27,Toulouse,1.81,5.92,1.849,2024-05-14 00:00:00,5.47
S_055,52.20139,-0.280047,4.07,Toulouse,2.46,1.99,1.937,2024-08-11 00:00:00,2.88
S_018,46.060255,3.229407,7.85,Montpellier,3.84,4.82,1.945,2024-06-09 00:00:00,7.02
S_043,52.795895,-1.003005,2.25,Lille,1.49,8.77,1.814,2024-09-21 00:00:00,2.86
S_062,46.834656,1.416305,8.69,Montpellier,2.26,8.67,1.932,2024-12-20 00:00:00,5.6
S_033,49.663083,2.454962,2.47,Strasbourg,2.7,7.22,1.827,2024-07-22 00:00:00,7.89
S_016,47.325541,4.403246,1.67,Paris,2.19,6.72,1.913,2024-06-17 00:00:00,5.4
S_058,48.276577,-0.625448,1.65,Lille,2.49,5.18,1.87,2024-10-28 00:00:00,7.45
S_059,49.00207,6.089806,4.44,Toulouse,5.96,1.3,1.818,2024-12-16 00:00:00,1.89
S_081,48.162036,-0.189376,4.96,Lyon,1.56,6.75,1.977,2024-09-21 00:00:00,8.23
S_059,49.308469,-1.341311,4.01,Nantes,6.45,4.83,1.823,2024-04-18 00:00:00,2.75
S_069,48.763377,1.947983,6.83,Montpellier,5.38,4.15,1.734,2024-11-01 00:00:00,2.69
S_074,48.826644,1.887185,3.97,Toulouse,2.49,3.67,1.736,2024-09-17 00:00:00,4.82
S_051,46.538289,5.927634,2.65,Montpellier,4.72,5.52,1.774,2024-04-13 00:00:00,5.54
S_004,46.256341,0.456736,1.89,Bordeaux,8.45,8.3,1.965,2024-07-06 00:00:00,6.72
S_029,45.167807,4.015803,5.26,Toulouse,2.26,3.02,1.924,2024-09-01 00:00:00,4.58
S_008,50.647875,2.826479,3.92,Montpellier,6.49,3.44,1.927,2024-11-18 00:00:00,2.29
S_072,45.977534,-0.212211,2.12,Marseille,5.79,5.79,1.894,2024-06-23 00:00:00,5.97
S_056,52.259154,1.2959,4.44,Lille,2.2,4.2,1.788,2024-06-29 00:00:00,5.19
S_059,44.970695,-0.378023,8.26,Strasbourg,6.95,3.56,1.852,2024-11-24 00:00:00,1.5
S_033,46.447442,5.678947,7.35,Lille,6.89,7.46,1.855,2024-05-08 00:00:00,3.46
S_094,45.781976,3.121584,6.58,Toulouse,1.32,2.77,1.683,2024-06-02 00:00:00,1.38
S_051,48.594702,4.251458,4.07,Strasbourg,8.1,5.36,1.961,2024-08-11 00:00:00,1.36
S_059,50.238681,1.162064,2.84,Montpellier,1.96,3.15,1.852,2024-02-20 00:00:00,8.54
S_037,45.720413,5.381808,4.33,Lyon,2.85,5.12,1.694,2024-05-10 00:00:00,3.16
S_033,45.519259,2.332384,3.46,Montpellier,6.52,4.26,1.791,2024-07-26 00:00:00,7.1
S_039,52.517909,-1.418124,3.79,Montpellier,1.46,4.63,1.727,2024-02-24 00:00:00,5.97
S_088,49.107316,0.643183,5.06,Strasbourg,2.63,6.54,1.719,2024-12-04 00:00:00,6.87
S_068,50.514055,1.650222,1.55,Marseille,8.73,5.55,1.964,2024-04-24 00:00:00,3.61
S_093,52.665731,4.067103,1.42,Nantes,1.98,4.96,1.761,2024-09-12 00:00:00,7.79
S_095,47.634437,-1.068936,6.45,Paris,6.93,5.09,1.88,2024-07-18 00:00:00,8.05
S_013,48.356431,6.236155,3.53,Strasbourg,8.23,6.58,1.848,2024-07-10 00:00:00,2.21
S_004,45.662273,2.962045,2.59,Lille,6.75,2.64,1.693,2024-06-21 00:00:00,4.06
S_073,47.05647,1.971438,4.76,Paris,2.11,6.3,1.932,2024-07-22 00:00:00,5.43
S_048,45.979514,1.251279,3.79,Marseille,8.13,2.41,1.8,2024-10-05 00:00:00,6.22
S_032,45.676255,-0.649846,6.8,Lille,4.67,8.78,1.773,2024-08-21 00:00:00,4.5
S_079,45.795102,6.263318,6.05,Nice,2.43,5.33,1.868,2024-05-30 00:00:00,3.83
S_003,50.886647,-0.76454,7.39,Paris,6.39,4.54,1.961,2024-02-25 00:00:00,7.88
S_078,48.267494,4.424266,4.52,Strasbourg,2.53,1.71,1.887,2024-12-13 00:00:00,5.77
S_053,52.554483,2.771118,1.87,Lille,2.44,7.17,1.872,2024-03-01 00:00:00,7.28
S_025,46.988044,-0.886066,6.67,Montpellier,4.99,8.78,1.846,2024-01-15 00:00:00,6.92
S_076,46.943639,1.652418,2.65,Montpellier,4.61,7.8,1.698,2024-08-07 00:00:00,7.99
S_034,50.115819,4.530521,5.78,Nantes,8.58,2.68,1.914,2024-09-24 00:00:00,7.74
S_014,48.728823,5.967345,7.87,Toulouse,4.1,2.74,1.752,2024-08-20 00:00:00,7.69
S_057,48.057617,3.658111,4.2,Paris,2.3,2.36,1.893,2024-08-18 00:00:00,1.98
S_024,51.405221,3.132855,2.18,Paris,3.83,6.68,1.982,2024-02-28 00:00:00,3.58
S_096,48.722177,5.275308,2.02,Marseille,1.24,1.56,1.805,2024-12-09 00:00:00,8.22
S_049,51.860814,-0.517197,6.12,Montpellier,1.73,2.21,1.803,2024-02-16 00:00:00,2.11
S_045,52.255613,-0.594477,6.34,Nice,4.32,6.42,1.714,2024-10-14 00:00:00,3.65
S_029,49.27942,2.604934,2.04,Bordeaux,1.31,3.49,1.824,2024-10-20 00:00:00,5.35
S_003,45.865666,-1.057939,7.84,Paris,6.29,3.42,1.931,2024-07-09 00:00:00,2.66
S_065,52.568711,1.173695,4.1,Strasbourg,6.37,4.66,1.718,2024-09-24 00:00:00,6.32
S_003,49.520764,4.26982,3.2,Bordeaux,6.03,4.02,1.729,2024-05-12 00:00:00,4.69
S_070,47.481931,-1.590098,6.89,Lyon,4.8,3.07,1.96,2024-03-27 00:00:00,4.23
S_077,46.428977,0.241303,5.91,Paris,4.78,5.11,1.823,2024-11-01 00:00:00,5.85
S_011,49.811935,4.478206,5.49,Toulouse,6.24,5.4,1.922,2024-06-30 00:00:00,8.65
S_089,50.332419,1.500759,3.3,Marseille,8.55,4.44,1.754,2024-11-14 00:00:00,1.66
S_038,45.123415,3.161795,5.8,Paris,6.02,3.34,1.795,2024-09-04 00:00:00,4.99
S_025,51.519831,0.764971,4.19,Bordeaux,3.03,7.06,1.765,2024-03-07 00:00:00,6.93
S_025,50.810685,4.55096,7.01,Toulouse,3.6,3.77,1.828,2024-05-13 00:00:00,8.62
S_021,50.806442,-0.062118,6.7,Montpellier,8.58,8.72,1.764,2024-06-16 00:00:00,4.46
S_054,46.37637,0.478727,3.61,Nantes,7.04,7.75,1.948,2024-12-03 00:00:00,1.28
S_087,52.072031,-1.597222,6.57,Montpellier,7.96,2.65,1.908,2024-03-23 00:00:00,3.11
S_063,48.469416,4.898429,3.11,Bordeaux,8.57,6.05,1.955,2024-01-11 00:00:00,1.9
S_072,48.331398,-0.454306,2.59,Nantes,7.36,7.04,1.984,2024-05-02 00:00:00,6.03
S_018,51.412117,5.424172,4.6,Paris,4.42,5.64,1.953,2024-06-12 00:00:00,4.59
S_002,48.01072,4.060314,7.97,Lyon,3.98,1.28,1.847,2024-02-23 00:00:00,6.37
S_047,50.335586,1.836818,7.19,Lille,5.0,4.42,1.982,2024-04-27 00:00:00,4.72
S_004,52.666169,3.852691,4.52,Marseille,7.44,1.26,1.95,2024-11-01 00:00:00,8.32
S_067,45.017541,0.65694,7.86,Nantes,5.19,8.32,1.776,2024-05-05 00:00:00,4.54
S_065,52.495735,3.346852,7.35,Montpellier,5.2,7.21,1.753,2024-05-18 00:00:00,6.07
S_057,49.231201,5.356241,6.02,Paris,3.35,3.68,1.854,2024-08-29 00:00:00,8.1
S_060,45.509839,5.662443,8.03,Nantes,1.57,6.33,1.819,2024-05-09 00:00:00,1.46
S_081,47.132083,5.742211,1.34,Strasbourg,2.48,6.86,1.869,2024-01-20 00:00:00,3.67
S_046,51.983742,4.946416,1.72,Lyon,4.89,7.69,1.934,2024-12-18 00:00:00,7.93
S_046,52.287344,6.16079,7.84,Lille,3.97,5.61,1.696,2024-12-11 00:00:00,8.28
S_071,47.630317,-1.105804,2.58,Montpellier,8.51,6.72,1.935,2024-04-21 00:00:00,7.9
S_044,50.519311,3.602957,3.89,Nice,6.17,7.2,1.697,2024-12-13 00:00:00,1.6
S_040,47.127556,4.985116,3.33,Bordeaux,1.67,6.57,1.81,2024-07-02 00:00:00,3.03
S_098,51.981494,3.97266,1.26,Lyon,6.83,6.32,1.83,2024-08-18 00:00:00,1.9
S_100,47.154179,2.95058,6.27,Bordeaux,6.95,4.4,1.969,2024-03-23 00:00:00,3.88
S_071,48.864614,3.470183,4.48,Montpellier,1.46,4.35,1.949,2024-09-23 00:00:00,2.65
S_098,52.069579,4.962338,2.1,Lyon,6.61,1.37,1.949,2024-09-13 00:00:00,1.95
S_064,47.230239,1.781967,4.36,Lyon,4.99,7.13,1.934,2024-09-29 00:00:00,6.7
S_077,46.754283,0.633478,2.53,Nantes,1.35,5.56,1.829,2024-12-26 00:00:00,1.74
S_001,47.201417,3.894263,4.68,Lille,3.63,5.01,1.816,2024-01-06 00:00:00,6.98
S_010,45.756122,5.326365,8.78,Lyon,8.03,6.99,1.714,2024-06-21 00:00:00,5.7
S_018,48.540182,-0.943595,4.48,Toulouse,4.87,2.25,1.851,2024-02-10 00:00:00,5.79
S_034,51.154323,-0.26209,8.8,Bordeaux,7.48,3.11,1.797,2024-03-21 00:00:00,4.86
S_083,51.512635,-0.159701,4.59,Bordeaux,5.84,6.37,1.707,2024-08-06 00:00:00,6.3
S_035,52.62364,0.787795,2.04,Bordeaux,7.24,2.85,1.854,2024-09-20 00:00:00,2.55
S_082,46.894852,2.618171,5.3,Strasbourg,3.8,8.74,1.864,2024-04-21 00:00:00,4.97
S_009,46.415991,3.126384,3.5,Toulouse,4.36,7.57,1.774,2024-07-26 00:00:00,6.25
S_009,46.692451,0.530413,4.41,Strasbourg,1.49,4.15,1.945,2024-03-11 00:00:00,3.66
S_071,46.019731,-1.553513,7.67,Marseille,6.8,6.3,1.891,2024-06-25 00:00:00,2.2
S_096,50.389167,3.469456,8.71,Nantes,2.87,7.88,1.738,2024-03-29 00:00:00,6.69
S_083,47.549343,1.803858,7.25,Paris,2.91,4.63,1.699,2024-08-31 00:00:00,6.0
S_054,51.23231,0.225157,4.38,Montpellier,5.51,6.1,1.849,2024-04-29 00:00:00,3.99
S_045,50.185623,2.919884,7.45,Marseille,4.72,2.54,1.884,2024-01-04 00:00:00,7.68
S_035,46.433913,0.532436,5.88,Marseille,4.74,5.52,1.973,2024-08-24 00:00:00,6.77
S_078,49.859102,3.314862,4.29,Nantes,3.42,4.71,1.912,2024-02-24 00:00:00,3.62
S_046,47.683901,-1.218614,2.58,Montpellier,2.55,1.51,1.792,2024-03-10 00:00:00,3.84
S_008,51.829618,1.441471,7.55,Lyon,4.14,2.99,1.968,2024-10-01 00:00:00,1.51
S_042,45.533686,4.430826,2.75,Marseille,5.43,2.37,1.897,2024-07-05 00:00:00,8.03
S_092,49.524234,0.514402,2.52,Nice,2.22,3.44,1.832,2024-04-17 00:00:00,3.55
S_098,51.401371,6.232669,6.08,Montpellier,3.03,3.51,1.902,2024-08-17 00:00:00,5.96
S_052,48.942135,2.202235,4.63,Nantes,6.49,5.78,1.789,2024-09-20 00:00:00,1.74
S_097,51.387262,6.231051,1.5,Nice,5.77,5.78,1.924,2024-12-21 00:00:00,7.08
S_025,46.984546,1.593977,7.98,Strasbourg,1.72,4.92,1.778,2024-05-09 00:00:00,5.57
S_030,47.165122,-1.038409,7.71,Bordeaux,4.52,5.93,1.735,2024-07-22 00:00:00,8.19
S_042,45.156189,4.964365,7.16,Nantes,5.27,5.61,1.894,2024-11-24 00:00:00,5.71
S_012,48.750581,-1.59973,8.61,Paris,2.25,7.51,1.812,2024-01-19 00:00:00,8.48
S_027,51.672995,2.820047,5.15,Lille,4.43,2.02,1.798,2024-04-14 00:00:00,3.54
S_047,45.245058,2.914466,3.58,Strasbourg,2.89,3.49,1.838,2024-04-10 00:00:00,6.2
S_024,52.780639,5.747325,7.66,Marseille,6.01,3.58,1.743,2024-08-13 00:00:00,4.51
S_079,45.322054,4.110874,8.3,Lyon,5.1,4.02,1.72,2024-12-17 00:00:00,4.7
S_018,49.840407,6.257486,3.09,Bordeaux,5.07,6.65,1.821,2024-02-19 00:00:00,8.0
S_079,48.493999,-0.757085,2.76,Bordeaux,3.06,7.42,1.841,2024-04-11 00:00:00,4.67
S_028,47.438412,1.874959,4.58,Lille,6.03,1.86,1.698,2024-10-19 00:00:00,6.98
S_028,47.241241,1.445716,8.35,Lille,3.28,5.09,1.686,2024-09-01 00:00:00,5.36
S_069,50.944719,-0.053167,2.22,Lyon,8.01,4.22,1.986,2024-02-29 00:00:00,3.05
S_007,45.855079,0.724814,2.6,Toulouse,4.74,3.96,1.73,2024-01-31 00:00:00,1.38
S_027,47.883139,5.932815,2.23,Montpellier,7.65,8.48,1.831,2024-04-05 00:00:00,1.58
S_076,51.667506,2.152433,5.89,Lille,3.15,1.38,1.852,2024-09-09 00:00:00,7.33
S_078,48.751306,5.786214,4.3,Nice,1.91,6.35,1.817,2024-11-06 00:00:00,6.69
S_094,51.972453,4.979919,1.54,Lyon,5.89,8.6,1.929,2024-02-21 00:00:00,2.62
S_074,52.69972,0.178347,3.69,Montpellier,2.65,8.59,1.82,2024-05-27 00:00:00,1.89
S_048,52.241746,1.774915,6.31,Toulouse,4.42,8.72,1.778,2024-10-24 00:00:00,8.31
S_022,50.204301,-1.573916,6.17,Lille,7.68,4.23,1.788,2024-07-02 00:00:00,3.42
S_098,51.967941,5.361516,2.53,Montpellier,7.48,2.93,1.93,2024-03-07 00:00:00,3.64
S_034,49.958612,-1.404785,3.73,Lille,4.96,6.1,1.743,2024-06-11 00:00:00,5.69
S_049,52.465642,4.680655,4.64,Paris,7.19,2.02,1.895,2024-06-25 00:00:00,6.62
S_068,49.61232,2.785002,4.53,Bordeaux,7.11,2.56,1.773,2024-05-10 00:00:00,5.84
S_041,50.3775,0.111886,2.1,Nice,1.71,5.32,1.979,2024-03-28 00:00:00,1.59
S_046,51.04696,0.652193,4.57,Strasbourg,5.27,7.75,1.746,2024-09-25 00:00:00,3.32
S_054,45.336604,-0.324438,7.1,Lille,3.16,5.32,1.891,2024-06-03 00:00:00,2.38
S_094,45.879349,6.032951,3.3,Lille,5.12,3.73,1.875,2024-11-14 00:00:00,5.44
S_022,46.541063,1.111141,7.59,Strasbourg,3.88,4.94,1.894,2024-11-03 00:00:00,5.46
S_031,52.379165,-1.079614,1.36,Nice,2.27,6.83,1.763,2024-11-14 00:00:00,3.57
S_095,50.858238,0.297211,7.07,Nantes,1.57,7.03,1.726,2024-07-08 00:00:00,4.67
S_047,46.042606,4.841016,8.29,Bordeaux,2.41,6.8,1.959,2024-03-13 00:00:00,5.29
S_009,49.578004,5.390405,5.8,Toulouse,6.89,7.81,1.843,2024-04-20 00:00:00,5.77
S_014,48.501283,1.100818,1.24,Marseille,6.66,3.65,1.902,2024-10-09 00:00:00,5.77
S_007,47.689556,1.832748,5.03,Montpellier,6.95,1.84,1.819,2024-03-06 00:00:00,3.01
S_080,45.710801,1.290538,2.68,Nantes,5.2,8.09,1.787,2024-10-03 00:00:00,3.95
S_036,49.696878,1.283735,4.67,Montpellier,7.91,4.19,1.755,2024-10-17 00:00:00,6.28
S_050,45.798301,1.549759,2.53,Strasbourg,4.69,6.46,1.942,2024-09-29 00:00:00,1.86
S_037,46.040211,1.7525,6.81,Lyon,3.88,2.07,1.865,2024-07-03 00:00:00,7.11
S_049,49.474705,0.42387,3.2,Nice,4.62,2.39,1.887,2024-01-16 00:00:00,8.22
S_006,46.139981,3.818416,5.62,Lyon,3.39,3.17,1.731,2024-08-03 00:00:00,4.26
S_023,48.941053,1.918321,1.96,Bordeaux,1.77,8.33,1.769,2024-11-05 00:00:00,3.09
S_006,45.750945,4.330427,2.74,Nice,2.58,2.81,1.978,2024-08-26 00:00:00,6.04
S_099,48.383026,4.0444,1.61,Montpellier,6.02,4.09,1.772,2024-10-31 00:00:00,8.69
S_078,48.08481,4.090696,5.31,Paris,8.35,3.2,1.764,2024-06-03 00:00:00,1.4
S_061,48.944415,1.851247,7.76,Marseille,6.49,3.95,1.69,2024-01-22 00:00:00,1.48
S_098,46.650762,0.751558,1.56,Lille,4.87,6.62,1.896,2024-05-07 00:00:00,4.03
S_031,45.895529,5.283501,6.62,Nantes,3.65,4.55,1.739,2024-05-09 00:00:00,1.68
S_003,51.51117,-0.962843,4.93,Marseille,5.2,3.26,1.765,2024-02-08 00:00:00,4.68
S_093,50.828198,3.358081,5.1,Toulouse,8.14,4.83,1.974,2024-08-24 00:00:00,1.98
S_088,52.664734,3.741566,1.42,Paris,3.6,4.77,1.78,2024-01-08 00:00:00,4.78
S_043,50.283229,-1.325767,5.69,Bordeaux,7.41,4.74,1.743,2024-07-10 00:00:00,1.77
S_023,51.183021,2.127153,4.91,Marseille,8.19,7.07,1.689,2024-07-04 00:00:00,2.94
S_009,48.003061,5.687205,8.0,Marseille,7.97,7.03,1.954,2024-02-25 00:00:00,3.2
S_091,50.104595,5.699238,5.0,Lyon,3.12,3.5,1.974,2024-06-05 00:00:00,3.96
S_088,47.881192,-1.088692,8.27,Montpellier,6.16,6.48,1.937,2024-10-22 00:00:00,3.78
S_070,52.136826,3.982427,2.32,Toulouse,5.85,1.94,1.916,2024-07-10 00:00:00,3.07
S_033,48.489855,4.521671,7.61,Montpellier,6.56,8.75,1.99,2024-04-06 00:00:00,8.26
S_081,47.329081,2.904507,4.55,Toulouse,6.94,6.28,1.9,2024-04-07 00:00:00,5.13
S_027,49.170616,6.054722,1.54,Lille,3.91,3.25,1.866,2024-12-25 00:00:00,4.55
S_041,48.685785,3.450296,5.86,Paris,2.85,1.74,1.939,2024-07-27 00:00:00,1.22
S_007,47.406094,3.682855,2.52,Marseille,5.82,1.67,1.824,2024-01-02 00:00:00,5.39
S_078,51.495878,3.357402,5.16,Nantes,5.99,4.79,1.9,2024-01-26 00:00:00,7.01
S_005,51.840043,1.102586,6.58,Marseille,6.22,1.9,1.818,2024-07-26 00:00:00,8.77
S_073,51.726439,4.603442,3.1,Nantes,2.98,2.14,1.908,2024-03-16 00:00:00,8.39
S_058,50.760149,2.110738,7.68,Bordeaux,4.02,4.21,1.925,2024-07-14 00:00:00,7.14
S_023,46.008363,5.144031,1.89,Toulouse,8.0,2.32,1.781,2024-01-19 00:00:00,3.88
S_022,44.872123,4.64006,5.5,Nantes,4.39,2.18,1.968,2024-09-15 00:00:00,4.82
S_093,52.466312,5.118759,1.33,Paris,7.54,4.58,1.831,2024-05-15 00:00:00,4.21
S_063,45.716945,4.008832,6.33,Toulouse,6.07,1.54,1.899,2024-07-28 00:00:00,4.92
S_032,46.525033,2.934262,4.28,Strasbourg,3.93,4.78,1.865,2024-01-24 00:00:00,1.32
S_001,47.914727,-1.210446,5.85,Toulouse,2.55,7.15,1.823,2024-11-08 00:00:00,2.77
S_064,46.008896,5.85552,7.09,Montpellier,3.33,5.14,1.724,2024-01-11 00:00:00,6.41
S_089,50.617244,1.828041,5.68,Strasbourg,2.13,4.44,1.764,2024-02-16 00:00:00,2.27
S_070,49.353709,5.32531,4.52,Marseille,8.42,1.77,1.83,2024-10-02 00:00:00,1.87
S_094,48.911958,3.543717,8.51,Toulouse,7.89,6.9,1.837,2024-01-06 00:00:00,8.54
S_092,50.352469,3.99171,5.1,Marseille,7.3,7.7,1.902,2024-07-21 00:00:00,5.85
S_023,51.412844,-0.017089,6.5,Nice,4.16,8.51,1.776,2024-06-29 00:00:00,8.2
S_015,50.464069,2.594455,7.54,Montpellier,5.34,3.16,1.956,2024-02-08 00:00:00,3.26
S_014,46.351753,4.197533,8.24,Bordeaux,3.54,5.65,1.809,2024-11-07 00:00:00,5.61
S_054,47.922894,-0.497611,1.32,Bordeaux,6.48,7.4,1.898,2024-04-21 00:00:00,6.52
S_043,51.53941,1.982225,2.6,Marseille,1.52,8.2,1.781,2024-01-16 00:00:00,5.13
S_063,52.260881,4.830189,4.1,Toulouse,3.26,4.27,1.976,2024-06-15 00:00:00,6.35
S_089,51.683272,3.208687,2.58,Lille,6.68,4.38,1.772,2024-09-02 00:00:00,4.53
S_022,51.306113,1.82692,5.7,Strasbourg,2.57,4.29,1.762,2024-05-30 00:00:00,8.08
S_047,50.769492,3.662444,4.25,Strasbourg,1.75,3.98,1.804,2024-04-20 00:00:00,8.36
S_034,50.423786,1.013448,7.06,Lyon,6.02,2.74,1.948,2024-01-23 00:00:00,8.11
S_027,46.180301,-1.603305,7.33,Lille,7.15,6.39,1.883,2024-06-25 00:00:00,6.27
S_087,49.41636,6.305893,4.57,Toulouse,1.57,3.05,1.914,2024-09-04 00:00:00,2.2
S_026,45.229764,2.730961,4.65,Toulouse,6.42,7.58,1.86,2024-10-01 00:00:00,5.88
S_055,47.807002,3.052013,2.74,Lyon,3.74,3.31,1.775,2024-03-13 00:00:00,4.13
S_097,45.579194,3.349299,4.9,Bordeaux,7.5,8.13,1.739,2024-05-29 00:00:00,3.16
S_009,47.584213,4.255234,5.17,Marseille,6.1,8.36,1.784,2024-11-12 00:00:00,1.26
S_049,51.381159,2.941086,7.3,Marseille,8.62,7.42,1.814,2024-04-11 00:00:00,5.87
S_024,52.724048,5.173174,2.21,Paris,5.51,4.82,1.851,2024-12-22 00:00:00,8.36
S_094,50.568912,5.373078,6.21,Bordeaux,8.21,3.64,1.834,2024-03-10 00:00:00,4.73
S_063,50.176529,2.343029,8.58,Toulouse,8.54,8.62,1.708,2024-04-11 00:00:00,4.16
S_070,52.285848,3.966524,5.49,Montpellier,4.05,1.57,1.825,2024-08-31 00:00:00,6.9
S_028,47.077536,5.215462,6.83,Paris,5.76,2.91,1.683,2024-07-08 00:00:00,4.05
S_014,45.001091,6.223853,6.95,Marseille,2.18,2.54,1.893,2024-12-16 00:00:00,3.08
S_002,46.56435,3.893697,3.95,Marseille,1.63,6.82,1.842,2024-05-17 00:00:00,7.54
S_023,49.167862,1.50329,2.41,Nice,2.93,3.52,1.858,2024-12-12 00:00:00,6.41
S_016,47.228255,3.483759,7.63,Paris,2.35,6.29,1.848,2024-01-13 00:00:00,7.39
S_033,48.737031,3.30488,4.87,Paris,4.79,4.23,1.973,2024-11-15 00:00:00,1.25
S_029,46.611215,5.300065,8.5,Toulouse,3.2,1.29,1.896,2024-11-28 00:00:00,2.16
S_007,48.808907,2.255065,2.94,Lyon,2.27,2.45,1.717,2024-06-15 00:00:00,3.04
S_094,47.173087,4.359458,6.02,Marseille,5.19,4.03,1.784,2024-11-10 00:00:00,1.84
S_094,50.187946,-1.397811,2.51,Paris,2.84,7.87,1.856,2024-06-06 00:00:00,7.71
S_021,51.215798,0.327972,7.28,Montpellier,7.67,4.41,1.737,2024-10-12 00:00:00,3.51
S_009,46.77865,3.670726,8.43,Nice,4.15,8.75,1.872,2024-03-05 00:00:00,5.77
S_034,48.656328,0.283941,7.7,Nice,3.16,2.33,1.882,2024-08-13 00:00:00,5.2
S_037,51.109348,0.181283,4.47,Nice,4.19,4.81,1.983,2024-09-21 00:00:00,4.07
S_084,48.291896,-0.705249,4.74,Strasbourg,2.52,6.47,1.872,2024-04-14 00:00:00,1.98
S_085,46.173152,6.010992,5.04,Nantes,8.22,2.46,1.733,2024-05-14 00:00:00,3.52
S_039,48.608628,3.655019,4.02,Nice,6.64,6.96,1.75,2024-09-13 00:00:00,7.23
S_038,47.156574,4.483367,1.64,Marseille,2.6,4.76,1.789,2024-02-19 00:00:00,4.53
S_090,48.292141,-0.552508,5.18,Bordeaux,2.76,3.49,1.702,2024-06-13 00:00:00,2.3
S_065,49.387245,5.663672,8.63,Toulouse,4.27,4.16,1.963,2024-11-06 00:00:00,7.21
S_021,49.019063,3.75827,2.44,Lille,1.36,8.37,1.908,2024-10-21 00:00:00,7.21
S_070,47.722392,2.893382,6.68,Lyon,7.11,4.34,1.788,2024-01-14 00:00:00,5.34
S_081,51.469475,3.755745,6.01,Toulouse,7.95,2.29,1.821,2024-12-25 00:00:00,7.16
S_012,52.358683,-0.155797,1.52,Marseille,6.14,6.38,1.685,2024-06-07 00:00:00,3.08
S_060,50.035693,5.067406,6.11,Toulouse,3.48,2.37,1.806,2024-07-30 00:00:00,4.26
S_035,45.71489,1.147354,8.14,Montpellier,8.23,2.93,1.919,2024-05-21 00:00:00,3.87
S_009,51.183046,5.886606,8.12,Lille,4.42,1.93,1.828,2024-02-16 00:00:00,6.4
S_032,45.03296,4.356709,7.99,Nice,2.42,3.26,1.799,2024-01-22 00:00:00,8.24
S_091,46.226072,-0.826813,3.63,Strasbourg,1.24,5.61,1.687,2024-08-02 00:00:00,7.36
S_099,45.149255,0.006442,6.79,Toulouse,5.54,7.69,1.705,2024-04-18 00:00:00,8.56
S_041,48.145214,-1.609001,3.53,Montpellier,3.35,6.06,1.944,2024-06-08 00:00:00,2.66
S_100,45.254177,2.286352,7.96,Lyon,7.25,1.74,1.758,2024-06-19 00:00:00,3.3
S_037,50.404069,0.756292,2.13,Toulouse,6.05,6.13,1.829,2024-11-12 00:00:00,4.14
S_065,47.069935,6.273066,6.35,Strasbourg,6.48,1.37,1.728,2024-02-19 00:00:00,2.81
S_041,47.149168,4.580819,3.25,Bordeaux,4.91,2.81,1.9,2024-04-06 00:00:00,3.27
S_070,48.046871,-0.69348,1.25,Strasbourg,1.25,2.0,1.983,2024-01-29 00:00:00,5.97
S_097,48.360106,-1.278745,3.27,Toulouse,6.83,7.87,1.788,2024-04-02 00:00:00,8.03
S_086,49.606772,3.797359,3.79,Montpellier,4.87,7.22,1.706,2024-09-03 00:00:00,8.77
S_049,50.576069,4.239052,2.84,Lille,2.7,4.77,1.709,2024-10-13 00:00:00,6.91
S_091,45.224079,-1.277085,6.96,Lille,2.99,5.7,1.977,2024-03-20 00:00:00,3.17
S_036,50.125008,6.272579,8.49,Bordeaux,1.7,5.81,1.964,2024-10-21 00:00:00,4.36
S_097,46.132298,-0.555968,1.33,Bordeaux,6.55,5.89,1.748,2024-08-04 00:00:00,3.48
S_076,51.713691,5.727907,5.66,Marseille,4.76,3.15,1.727,2024-10-09 00:00:00,7.54
S_042,50.299661,-1.582334,6.38,Nice,4.4,7.93,1.867,2024-08-13 00:00:00,7.13
S_056,46.254307,0.807046,2.03,Montpellier,4.18,8.14,1.732,2024-12-13 00:00:00,7.96
S_028,46.173509,1.360665,8.12,Bordeaux,5.61,8.47,1.9,2024-10-23 00:00:00,1.8
S_031,47.32516,0.068313,3.43,Montpellier,3.12,3.31,1.705,2024-03-11 00:00:00,8.48
S_077,45.423823,-0.130508,7.43,Montpellier,4.04,1.53,1.976,2024-10-28 00:00:00,3.51
S_043,45.944453,-0.876595,5.92,Montpellier,4.3,6.94,1.798,2024-09-02 00:00:00,5.57
S_094,51.464974,5.346348,6.05,Lyon,6.27,3.86,1.865,2024-04-18 00:00:00,1.32
S_037,47.396036,0.634142,3.9,Nantes,6.7,4.07,1.823,2024-10-09 00:00:00,1.76
S_091,49.065971,3.402685,6.52,Nantes,7.61,3.65,1.945,2024-05-20 00:00:00,6.86
S_037,50.805078,0.488537,5.48,Marseille,3.4,6.44,1.786,2024-05-21 00:00:00,7.1
S_066,50.360359,1.108253,5.1,Paris,1.36,7.97,1.877,2024-08-02 00:00:00,8.43
S_099,48.818932,1.758829,4.84,Toulouse,8.57,6.29,1.855,2024-07-14 00:00:00,1.72
S_098,45.566447,2.082061,1.46,Marseille,7.52,5.9,1.776,2024-11-25 00:00:00,8.15
S_099,50.914748,2.770225,4.49,Strasbourg,1.72,6.85,1.866,2024-05-25 00:00:00,7.02
S_032,46.037229,0.373605,2.71,Strasbourg,7.74,6.66,1.917,2024-04-11 00:00:00,3.74
S_053,52.70206,6.084401,8.52,Marseille,8.23,1.31,1.943,2024-12-04 00:00:00,1.6
S_050,47.345889,1.331238,4.26,Lille,7.05,7.25,1.692,2024-07-18 00:00:00,2.4
S_024,48.888298,1.499101,6.7,Lille,3.96,8.64,1.962,2024-11-06 00:00:00,3.75
S_004,46.872491,3.687259,2.83,Paris,7.93,5.68,1.896,2024-11-23 00:00:00,4.17
S_064,48.599316,3.064804,1.3,Montpellier,4.61,5.99,1.977,2024-12-15 00:00:00,8.11
S_049,51.226624,1.757483,1.76,Montpellier,4.59,4.54,1.912,2024-08-16 00:00:00,6.07
S_003,46.052999,5.579412,2.29,Toulouse,1.21,8.11,1.81,2024-05-12 00:00:00,6.7
S_093,52.580063,-0.873859,2.95,Toulouse,6.37,8.66,1.785,2024-05-12 00:00:00,3.0
S_011,49.678924,0.793799,7.95,Bordeaux,5.03,7.08,1.748,2024-10-25 00:00:00,2.51
S_082,46.740381,5.99586,7.31,Lyon,1.63,6.54,1.701,2024-04-15 00:00:00,6.68
S_023,45.308907,4.948335,6.44,Nice,1.42,5.01,1.928,2024-11-05 00:00:00,6.49
S_023,47.664967,1.304571,4.55,Paris,7.65,2.17,1.813,2024-10-18 00:00:00,6.76
S_061,46.387328,2.924002,2.6,Paris,1.26,3.14,1.711,2024-09-16 00:00:00,7.33
S_073,46.451695,3.189153,8.37,Bordeaux,5.73,6.83,1.864,2024-11-21 00:00:00,8.43
S_029,47.135929,5.435797,8.0,Toulouse,5.38,3.96,1.737,2024-04-20 00:00:00,4.88
S_057,50.228523,-0.2163,8.75,Lyon,2.54,4.1,1.957,2024-07-13 00:00:00,2.26
S_006,52.673138,1.621427,4.53,Nice,8.65,2.33,1.974,2024-10-28 00:00:00,1.27
S_048,51.575125,5.372449,1.72,Nantes,4.38,1.57,1.788,2024-03-22 00:00:00,4.81
S_012,50.625336,1.637911,8.04,Toulouse,1.87,8.16,1.982,2024-04-22 00:00:00,3.03
S_033,50.869616,5.974129,8.49,Marseille,1.82,3.37,1.84,2024-05-03 00:00:00,1.61
S_038,51.668054,2.549656,5.26,Strasbourg,7.44,8.12,1.984,2024-06-05 00:00:00,7.68
S_099,46.304854,6.15385,7.56,Strasbourg,2.7,7.01,1.692,2024-09-17 00:00:00,8.41
S_001,46.365677,-0.165378,5.39,Nantes,2.37,8.68,1.905,2024-01-21 00:00:00,5.09
S_014,49.966883,-1.111795,5.95,Nice,3.06,3.04,1.911,2024-02-24 00:00:00,4.89
S_077,49.383405,-0.537703,1.28,Lille,6.76,1.73,1.836,2024-07-07 00:00:00,2.59
S_049,51.660152,4.804876,7.55,Nantes,7.18,8.6,1.807,2024-03-29 00:00:00,8.79
S_041,51.617043,5.174748,5.17,Marseille,4.88,6.21,1.72,2024-12-26 00:00:00,7.97
S_084,45.540479,4.817847,1.88,Nantes,3.08,1.99,1.746,2024-07-20 00:00:00,5.08
S_082,49.488256,0.941963,1.56,Paris,3.67,2.24,1.772,2024-09-19 00:00:00,5.11
S_061,48.992563,-0.465545,3.02,Lille,4.11,1.99,1.807,2024-08-25 00:00:00,2.83
S_015,49.278517,3.243971,8.03,Strasbourg,4.79,8.0,1.704,2024-02-10 00:00:00,6.39
S_029,49.234208,0.62799,3.0,Toulouse,3.8,7.58,1.72,2024-01-14 00:00:00,6.19
S_043,52.447874,1.188387,4.68,Marseille,2.73,6.67,1.979,2024-04-14 00:00:00,4.65
S_027,48.874718,-0.6132,7.65,Montpellier,7.63,6.76,1.843,2024-01-25 00:00:00,7.26
S_011,52.753462,1.12523,4.05,Montpellier,8.36,4.07,1.75,2024-07-25 00:00:00,4.42
S_025,46.469285,4.980048,7.27,Paris,5.16,3.78,1.726,2024-09-20 00:00:00,6.49
S_043,48.329329,5.528645,7.12,Montpellier,5.72,3.33,1.724,2024-05-22 00:00:00,6.92
S_025,50.733413,-0.21202,7.98,Nantes,5.78,4.88,1.854,2024-12-09 00:00:00,7.66
S_069,50.244342,5.975132,4.48,Toulouse,4.92,1.53,1.91,2024-11-29 00:00:00,1.93
S_059,52.098031,3.250903,6.1,Toulouse,8.17,6.21,1.986,2024-03-16 00:00:00,4.0
S_010,47.087377,5.449452,2.6,Bordeaux,8.31,7.82,1.689,2024-08-26 00:00:00,5.66
S_087,47.56933,3.421149,3.62,Paris,8.11,1.97,1.936,2024-08-30 00:00:00,3.12
S_073,48.090706,1.939746,6.92,Strasbourg,8.73,7.65,1.754,2024-05-11 00:00:00,4.84
S_099,47.572158,-0.705443,3.39,Paris,6.65,8.48,1.784,2024-10-10 00:00:00,6.12
S_093,48.604868,0.987511,8.73,Nice,6.32,6.6,1.844,2024-03-30 00:00:00,3.6
S_100,50.288041,4.849876,2.08,Nice,6.65,2.47,1.899,2024-08-25 00:00:00,2.59
S_046,46.04408,3.172704,5.92,Lyon,1.24,2.23,1.897,2024-04-05 00:00:00,1.86
S_068,47.322971,5.909649,6.5,Montpellier,5.45,8.28,1.791,2024-10-15 00:00:00,7.24
S_017,45.792813,-0.145785,6.6,Lyon,5.61,5.21,1.918,2024-10-10 00:00:00,2.65
S_001,51.167958,0.417932,2.87,Lille,4.92,8.6,1.719,2024-10-15 00:00:00,2.51
S_053,51.647843,6.201755,8.3,Nice,5.33,8.22,1.733,2024-09-16 00:00:00,7.32
S_100,49.893061,-0.408105,4.56,Lyon,4.26,5.37,1.723,2024-03-20 00:00:00,6.67
S_068,50.300297,1.946082,3.11,Nantes,6.86,2.91,1.83,2024-06-07 00:00:00,5.84
S_059,51.230517,4.030479,6.64,Marseille,3.1,8.28,1.971,2024-08-30 00:00:00,1.48
S_051,46.850699,-1.159776,8.78,Bordeaux,2.87,8.49,1.801,2024-01-17 00:00:00,4.84
S_007,50.148152,1.244758,6.29,Nice,8.56,7.63,1.725,2024-02-20 00:00:00,3.32
S_031,47.980446,0.307246,4.64,Toulouse,3.57,4.51,1.806,2024-06-19 00:00:00,3.59
S_070,50.476367,0.940865,6.42,Montpellier,5.6,1.94,1.827,2024-01-30 00:00:00,2.03
S_002,45.62068,2.369556,4.8,Lille,4.63,4.99,1.763,2024-06-25 00:00:00,7.26
S_031,47.022698,3.495543,2.34,Toulouse,8.13,4.7,1.76,2024-05-18 00:00:00,5.9
S_081,46.537595,5.779553,6.44,Toulouse,6.15,2.59,1.967,2024-10-02 00:00:00,8.13
S_011,47.430984,-1.250456,1.33,Lille,7.56,5.72,1.884,2024-06-28 00:00:00,1.25
S_043,46.432014,4.868999,8.59,Lyon,8.02,7.22,1.812,2024-09-03 00:00:00,3.06
S_074,45.143026,5.633936,2.3,Lille,1.99,3.53,1.983,2024-04-25 00:00:00,2.68
S_009,49.155643,4.255658,4.16,Paris,5.8,5.16,1.945,2024-01-07 00:00:00,3.42
S_086,46.191178,-1.308203,7.16,Bordeaux,5.67,3.48,1.682,2024-02-06 00:00:00,3.55
S_039,46.681709,1.68366,6.03,Montpellier,1.99,5.26,1.704,2024-01-03 00:00:00,2.38
S_067,50.920075,5.524925,2.49,Strasbourg,2.02,2.99,1.952,2024-12-20 00:00:00,3.64
S_063,46.100079,1.220327,1.77,Toulouse,3.71,6.2,1.737,2024-07-17 00:00:00,6.66
S_066,49.388729,4.081923,5.99,Toulouse,3.9,5.13,1.707,2024-04-22 00:00:00,8.47
S_093,49.074054,1.037767,5.43,Paris,8.8,6.15,1.887,2024-03-24 00:00:00,5.35
S_016,48.050708,0.899171,1.67,Montpellier,2.22,2.73,1.963,2024-10-07 00:00:00,1.96
S_100,48.502498,4.461304,4.23,Nice,3.14,8.65,1.936,2024-09-20 00:00:00,7.71
S_002,51.591901,4.534133,2.08,Marseille,5.2,2.1,1.822,2024-04-25 00:00:00,2.67
S_015,46.899869,0.042656,2.06,Lyon,2.05,6.19,1.843,2024-04-02 00:00:00,8.59
S_050,47.40754,1.072279,7.68,Marseille,2.45,8.53,1.797,2024-06-19 00:00:00,4.97
S_068,52.07926,4.639588,2.04,Lyon,4.17,5.43,1.895,2024-08-18 00:00:00,6.62
S_010,44.852128,4.199197,2.3,Bordeaux,2.35,8.36,1.728,2024-05-28 00:00:00,1.92
S_006,50.032808,4.980894,4.27,Nice,2.92,6.35,1.898,2024-07-12 00:00:00,2.59
S_092,45.175031,5.845217,8.21,Marseille,7.1,8.49,1.788,2024-02-02 00:00:00,3.82
S_067,49.645345,1.819445,5.71,Lille,1.76,1.75,1.949,2024-12-10 00:00:00,6.98
S_083,49.741252,0.454987,3.13,Marseille,5.41,3.5,1.685,2024-10-01 00:00:00,3.13
S_090,48.362847,3.808686,4.04,Strasbourg,5.88,2.91,1.684,2024-05-24 00:00:00,3.09
S_026,51.289069,1.273165,6.92,Toulouse,7.79,2.19,1.725,2024-06-12 00:00:00,3.48
S_039,46.148968,1.129231,2.25,Lyon,5.84,7.87,1.98,2024-09-09 00:00:00,4.65
S_086,48.013395,3.07819,5.24,Lyon,2.47,5.38,1.969,2024-03-16 00:00:00,6.22
S_077,47.228687,2.79813,5.89,Nantes,1.31,3.31,1.923,2024-09-08 00:00:00,5.98
S_094,49.523669,5.148904,7.54,Marseille,3.7,7.67,1.804,2024-01-20 00:00:00,3.02
S_030,45.701635,3.811251,7.05,Strasbourg,7.53,7.99,1.815,2024-08-15 00:00:00,1.52
S_097,47.085429,4.221733,1.83,Paris,6.54,2.98,1.99,2024-05-31 00:00:00,3.19
S_040,47.204526,4.730897,5.44,Paris,4.55,4.25,1.97,2024-12-18 00:00:00,3.24
S_091,52.17311,2.840903,5.01,Strasbourg,3.75,6.75,1.821,2024-04-04 00:00:00,1.82
S_088,51.251188,2.627025,2.89,Toulouse,2.65,3.69,1.988,2024-01-05 00:00:00,4.52
S_081,47.069993,0.357766,1.84,Nantes,3.92,6.12,1.87,2024-08-03 00:00:00,6.74
S_069,46.098877,5.643387,2.34,Lyon,6.95,2.4,1.928,2024-04-19 00:00:00,4.87
S_032,51.62328,4.442504,6.39,Nice,8.23,5.9,1.795,2024-07-20 00:00:00,2.72
S_066,48.532183,4.315355,5.8,Toulouse,6.75,3.79,1.733,2024-05-04 00:00:00,4.51
S_079,45.936838,1.799503,3.3,Toulouse,1.76,7.92,1.975,2024-06-17 00:00:00,3.33
S_088,46.264256,4.000368,2.24,Marseille,8.27,4.45,1.948,2024-11-11 00:00:00,6.89
S_061,44.954873,4.763054,7.5,Nantes,3.31,7.96,1.771,2024-04-19 00:00:00,7.0
S_054,52.418972,1.647825,8.05,Bordeaux,5.24,4.36,1.846,2024-09-13 00:00:00,7.04
S_047,44.910474,-1.49151,5.24,Montpellier,7.66,5.63,1.742,2024-11-18 00:00:00,5.14
S_084,52.347498,1.610817,7.59,Montpellier,4.5,6.29,1.971,2024-07-22 00:00:00,7.5
S_022,49.220633,3.074962,3.16,Toulouse,6.67,3.73,1.979,2024-03-18 00:00:00,6.26
S_037,49.755004,5.912002,5.1,Lille,4.47,2.63,1.954,2024-12-18 00:00:00,3.2
S_062,52.399769,4.329418,4.9,Marseille,3.37,7.74,1.714,2024-09-12 00:00:00,7.95
S_096,48.071614,4.55811,4.05,Lille,2.77,1.6,1.85,2024-08-15 00:00:00,1.47
S_069,52.172583,-0.608988,2.89,Strasbourg,4.94,7.24,1.926,2024-10-07 00:00:00,1.72
S_096,45.627745,-1.175145,6.27,Strasbourg,3.08,6.52,1.953,2024-11-14 00:00:00,1.31
S_062,48.365179,0.725269,7.73,Strasbourg,8.16,5.25,1.691,2024-08-26 00:00:00,6.66
S_060,45.55591,4.371388,1.47,Nantes,5.92,2.22,1.948,2024-03-28 00:00:00,7.33
S_067,47.252759,3.092017,3.4,Strasbourg,7.59,4.51,1.89,2024-05-01 00:00:00,1.26
S_077,48.517567,2.157511,8.24,Lille,8.13,1.54,1.773,2024-05-25 00:00:00,8.31
S_058,45.83425,4.192733,8.79,Bordeaux,6.18,3.53,1.758,2024-10-28 00:00:00,3.73
S_022,47.676186,4.06004,8.56,Montpellier,1.56,2.69,1.768,2024-11-24 00:00:00,6.93
S_030,46.495795,2.159676,7.89,Nice,5.82,3.26,1.909,2024-12-18 00:00:00,2.78
S_025,52.746166,5.723637,2.42,Strasbourg,1.53,3.3,1.783,2024-08-03 00:00:00,2.41
S_033,49.301235,5.83567,4.96,Lyon,5.11,1.69,1.79,2024-04-24 00:00:00,5.86
S_070,48.591617,4.288088,4.29,Montpellier,2.71,6.48,1.848,2024-01-15 00:00:00,4.86
S_087,47.430746,0.318028,4.73,Montpellier,6.77,2.56,1.686,2024-04-21 00:00:00,4.91
S_059,48.805422,1.535927,6.56,Bordeaux,3.96,3.66,1.838,2024-12-07 00:00:00,7.74
S_020,45.268481,2.192323,2.99,Montpellier,6.25,2.68,1.771,2024-04-04 00:00:00,4.48
S_094,47.951724,2.905586,8.37,Nice,1.39,5.52,1.865,2024-07-12 00:00:00,3.4
S_078,47.707829,-1.345645,5.27,Lille,8.08,1.33,1.731,2024-08-11 00:00:00,7.32
S_013,51.715826,-0.256701,2.51,Bordeaux,7.26,6.96,1.783,2024-01-16 00:00:00,5.59
S_064,52.220348,1.000472,3.99,Lyon,7.57,7.65,1.979,2024-08-14 00:00:00,4.46
S_092,52.700429,5.642066,2.41,Toulouse,5.18,5.98,1.813,2024-10-20 00:00:00,3.27
S_038,45.1196,-0.932022,6.69,Strasbourg,3.7,1.69,1.828,2024-08-18 00:00:00,4.83
S_073,51.302866,5.044478,3.63,Toulouse,7.65,2.08,1.74,2024-06-09 00:00:00,2.25
S_002,52.306398,-1.565151,8.6,Paris,3.77,3.6,1.741,2024-10-10 00:00:00,3.01
S_044,45.848879,-1.258352,1.49,Marseille,7.01,4.85,1.731,2024-04-20 00:00:00,6.07
S_085,49.470042,-1.492169,4.21,Marseille,2.14,1.99,1.914,2024-10-04 00:00:00,4.95
S_057,50.178301,5.403808,6.06,Nice,3.22,7.74,1.847,2024-10-06 00:00:00,3.44
S_065,46.783339,1.382172,4.7,Paris,8.69,1.36,1.735,2024-07-09 00:00:00,8.62
S_019,49.366528,0.443293,7.81,Nantes,1.65,1.77,1.801,2024-09-01 00:00:00,3.3
S_070,46.3666,-1.564232,2.26,Marseille,8.02,3.32,1.847,2024-10-07 00:00:00,1.55
S_093,51.90623,3.707047,3.52,Nantes,7.13,4.79,1.779,2024-07-24 00:00:00,2.07
S_013,46.8001,4.550338,1.22,Bordeaux,7.42,2.83,1.875,2024-01-27 00:00:00,3.44
S_051,47.052061,-0.243419,2.37,Toulouse,5.39,2.35,1.734,2024-06-01 00:00:00,7.49
S_077,49.504251,4.383106,2.53,Paris,1.63,7.65,1.73,2024-11-12 00:00:00,2.41
S_082,51.935021,2.887938,8.77,Toulouse,1.38,2.16,1.744,2024-01-29 00:00:00,1.62
S_060,50.144258,0.088674,5.51,Bordeaux,6.78,1.52,1.935,2024-04-20 00:00:00,2.88
S_072,50.538135,5.109624,3.88,Nice,4.42,7.06,1.717,2024-05-04 00:00:00,6.08
S_031,46.728541,2.982156,2.82,Bordeaux,6.05,4.4,1.699,2024-10-26 00:00:00,3.31
S_069,46.212696,-1.648474,4.27,Lille,1.99,3.64,1.976,2024-12-02 00:00:00,3.91
S_059,45.47766,0.381152,1.82,Bordeaux,6.53,4.27,1.779,2024-07-12 00:00:00,2.68
S_050,49.280016,3.682852,3.18,Strasbourg,1.69,5.07,1.786,2024-12-16 00:00:00,4.01
S_071,45.560325,-1.391352,4.6,Strasbourg,6.71,1.89,1.953,2024-04-11 00:00:00,3.08
S_003,48.817622,3.277041,4.8,Marseille,4.82,2.36,1.73,2024-03-28 00:00:00,5.46
S_022,46.179884,5.390084,6.68,Bordeaux,5.46,4.88,1.699,2024-09-24 00:00:00,2.04
S_010,50.1222,6.307036,1.79,Paris,6.63,1.7,1.78,2024-05-14 00:00:00,3.02
S_032,47.3761,-0.204863,6.86,Strasbourg,5.44,5.16,1.839,2024-12-25 00:00:00,7.45
S_065,48.185751,5.736165,4.45,Montpellier,7.54,6.29,1.682,2024-03-30 00:00:00,7.46
S_038,45.242742,4.032468,1.95,Bordeaux,1.27,3.64,1.745,2024-09-20 00:00:00,5.5
S_047,49.527312,2.492095,3.26,Toulouse,5.76,1.67,1.877,2024-10-09 00:00:00,7.68
S_020,45.518818,-1.177678,4.54,Paris,6.1,8.06,1.728,2024-09-15 00:00:00,8.11
S_065,52.218762,-1.009887,4.9,Bordeaux,4.0,8.2,1.798,2024-12-22 00:00:00,7.05
S_008,47.761503,2.598191,4.12,Marseille,1.77,6.01,1.749,2024-09-19 00:00:00,1.3
S_013,52.243499,3.143787,7.13,Bordeaux,6.2,1.7,1.834,2024-06-21 00:00:00,7.76
S_002,46.337628,4.864571,2.81,Nantes,2.41,3.69,1.893,2024-01-13 00:00:00,5.12
S_089,46.097333,0.636284,4.76,Strasbourg,6.36,5.18,1.699,2024-07-26 00:00:00,6.09
S_084,49.146479,0.203706,8.29,Lille,2.58,6.97,1.886,2024-02-06 00:00:00,8.04
S_046,51.948856,0.108458,8.6,Nice,7.75,5.19,1.893,2024-09-04 00:00:00,4.56
S_066,45.24077,1.049561,2.31,Lyon,6.79,2.16,1.972,2024-01-30 00:00:00,6.45
S_053,48.654802,1.545506,5.22,Paris,4.04,8.62,1.79,2024-11-01 00:00:00,3.68
S_001,51.367708,-0.074358,4.96,Nantes,5.85,7.31,1.835,2024-10-25 00:00:00,2.65
S_079,50.093188,1.550985,6.17,Strasbourg,4.97,1.87,1.729,2024-08-03 00:00:00,2.55
S_004,48.025444,0.349379,2.04,Strasbourg,8.46,8.57,1.92,2024-12-25 00:00:00,2.28
S_073,45.735612,0.50406,7.41,Strasbourg,3.36,6.59,1.948,2024-06-22 00:00:00,4.66
S_073,52.647778,0.449394,4.78,Bordeaux,4.7,4.7,1.768,2024-08-27 00:00:00,2.18
S_033,46.293577,6.176261,2.94,Bordeaux,6.01,4.84,1.682,2024-05-02 00:00:00,4.59
S_033,51.901718,0.200371,8.26,Montpellier,3.74,5.65,1.736,2024-02-24 00:00:00,1.86
S_090,47.240212,2.669275,3.47,Paris,4.58,2.34,1.753,2024-02-06 00:00:00,3.72
S_045,48.185221,-0.086236,3.41,Lille,5.74,1.95,1.879,2024-10-13 00:00:00,2.45
S_016,47.269104,2.313901,3.53,Paris,5.62,2.73,1.738,2024-09-29 00:00:00,4.01
S_071,48.388281,1.82178,1.91,Toulouse,2.93,7.11,1.788,2024-03-24 00:00:00,3.11
S_053,45.475942,4.038775,7.68,Montpellier,8.26,4.9,1.812,2024-09-23 00:00:00,5.42
S_068,50.233146,-1.17993,2.07,Nantes,3.21,2.94,1.719,2024-11-25 00:00:00,8.21
S_002,51.326969,0.916404,1.82,Marseille,8.26,3.64,1.949,2024-11-19 00:00:00,5.38
S_052,46.971906,0.933751,3.3,Strasbourg,5.23,5.64,1.755,2024-01-05 00:00:00,5.93
S_040,49.937244,5.466929,1.91,Marseille,5.53,2.58,1.985,2024-10-17 00:00:00,1.65
S_061,51.695107,1.607135,2.07,Montpellier,4.83,2.77,1.761,2024-06-26 00:00:00,4.09
S_027,45.121161,-0.188866,8.55,Nice,5.47,2.25,1.976,2024-04-14 00:00:00,6.51
S_081,48.574124,4.084783,5.16,Strasbourg,5.16,4.68,1.831,2024-02-17 00:00:00,1.96
S_013,50.01626,-0.846477,3.34,Paris,5.02,6.78,1.889,2024-02-08 00:00:00,6.86
S_081,52.545964,-0.527724,3.2,Nice,8.49,2.55,1.949,2024-08-09 00:00:00,7.47
S_080,51.918481,5.372439,3.39,Lille,2.47,2.45,1.945,2024-03-21 00:00:00,5.95
S_047,45.06376,5.664541,8.06,Strasbourg,8.57,6.7,1.697,2024-10-28 00:00:00,5.93
S_014,46.840923,4.308581,5.66,Nice,2.63,8.07,1.788,2024-11-19 00:00:00,3.76
S_099,47.533246,4.785319,4.23,Paris,6.22,6.39,1.724,2024-02-10 00:00:00,3.99
S_042,46.195538,4.543413,6.63,Bordeaux,4.67,8.26,1.774,2024-03-29 00:00:00,7.55
S_012,47.758513,3.457209,5.69,Strasbourg,6.91,5.84,1.755,2024-08-12 00:00:00,6.2
S_057,51.666468,2.099962,6.59,Bordeaux,2.94,4.09,1.905,2024-09-21 00:00:00,2.93
S_017,45.137178,3.112897,3.34,Toulouse,1.61,4.9,1.868,2024-05-25 00:00:00,1.57
S_026,48.994149,3.609054,8.77,Nice,4.56,8.4,1.878,2024-06-01 00:00:00,6.44
S_065,49.749409,1.492736,6.66,Paris,5.25,8.79,1.681,2024-01-09 00:00:00,1.25
S_051,44.925918,4.227006,8.79,Montpellier,6.61,1.46,1.711,2024-01-05 00:00:00,8.19
S_026,50.147378,1.380492,3.17,Nice,2.31,4.83,1.903,2024-01-12 00:00:00,3.72
S_052,51.323881,-0.538842,4.84,Paris,5.25,5.64,1.939,2024-04-24 00:00:00,8.21
S_100,48.040385,2.119095,8.24,Strasbourg,8.11,4.08,1.953,2024-07-01 00:00:00,6.73
S_047,52.482366,0.954919,8.37,Lyon,1.51,6.33,1.968,2024-04-30 00:00:00,5.54
S_078,49.259993,6.292549,5.82,Paris,8.62,6.21,1.819,2024-03-09 00:00:00,8.35
S_077,52.202234,4.225177,8.01,Nice,8.73,7.06,1.9,2024-02-24 00:00:00,5.68
S_052,51.84579,2.991226,4.12,Marseille,8.36,6.46,1.969,2024-03-16 00:00:00,6.8
S_065,51.6257,3.116942,4.23,Nantes,5.56,5.33,1.809,2024-12-12 00:00:00,3.1
S_098,45.123038,-0.98479,3.31,Toulouse,2.11,1.79,1.87,2024-03-25 00:00:00,4.23
S_020,46.014635,2.694308,5.48,Marseille,5.58,6.64,1.954,2024-05-24 00:00:00,7.89
S_055,48.013202,-0.619775,2.38,Strasbourg,6.75,6.88,1.853,2024-08-24 00:00:00,2.2
S_069,45.999773,-1.557699,1.78,Nice,3.64,8.35,1.759,2024-04-04 00:00:00,2.66
S_008,48.947664,-1.049904,7.86,Lille,5.34,1.49,1.822,2024-07-04 00:00:00,3.21
S_049,49.474493,-0.798731,7.21,Toulouse,6.33,5.56,1.865,2024-08-25 00:00:00,7.58
S_082,49.05021,4.047677,7.92,Lille,4.03,1.45,1.855,2024-04-16 00:00:00,7.45
S_038,52.407596,1.783178,8.23,Paris,6.38,7.11,1.804,2024-03-27 00:00:00,3.08
S_062,45.036914,5.633331,1.76,Montpellier,3.51,6.86,1.836,2024-05-05 00:00:00,4.77
S_081,48.562648,0.135615,8.41,Marseille,7.3,1.52,1.93,2024-10-11 00:00:00,2.42
S_023,45.132322,5.733915,5.4,Toulouse,4.25,8.57,1.705,2024-01-12 00:00:00,5.95
S_036,51.906148,6.222598,6.77,Nantes,5.38,5.1,1.701,2024-12-03 00:00:00,1.82
S_097,51.519499,1.701992,4.03,Montpellier,5.83,5.13,1.812,2024-06-08 00:00:00,3.71
S_053,46.752795,5.058662,1.47,Nice,2.99,8.48,1.866,2024-08-15 00:00:00,5.81
S_080,50.77745,1.457971,4.89,Strasbourg,2.67,2.5,1.896,2024-12-09 00:00:00,7.28
S_009,45.993401,-0.448392,2.28,Toulouse,4.46,7.16,1.982,2024-06-13 00:00:00,1.77
S_093,48.253654,1.56803,7.34,Lille,8.75,3.9,1.877,2024-03-08 00:00:00,2.9
S_026,51.165392,0.164368,2.58,Lyon,7.68,3.79,1.79,2024-10-21 00:00:00,7.77
S_002,47.534444,2.252387,8.45,Lyon,6.12,1.26,1.681,2024-12-24 00:00:00,8.19
S_061,52.377086,3.679596,2.88,Marseille,4.9,3.84,1.941,2024-06-12 00:00:00,7.35
S_031,51.938206,4.721991,2.46,Lille,1.76,3.54,1.706,2024-08-09 00:00:00,2.74
S_090,50.780303,0.531883,2.49,Strasbourg,7.99,8.12,1.918,2024-11-04 00:00:00,5.27
S_021,45.209782,4.95345,3.99,Lille,1.57,2.02,1.882,2024-07-11 00:00:00,6.02
S_081,50.976519,4.421753,3.62,Nice,2.87,5.57,1.845,2024-04-07 00:00:00,2.07
S_028,49.398214,5.504248,1.51,Bordeaux,6.74,1.75,1.802,2024-07-07 00:00:00,7.5
S_049,49.613317,3.385478,8.56,Lyon,5.08,2.23,1.798,2024-10-14 00:00:00,3.51
S_011,52.637486,2.231415,4.91,Marseille,8.1,4.53,1.916,2024-01-18 00:00:00,1.3
S_044,46.283173,1.110602,8.35,Lille,7.86,6.26,1.744,2024-08-25 00:00:00,7.78
S_040,48.782147,2.870833,2.86,Nantes,5.44,5.79,1.889,2024-04-03 00:00:00,3.25
S_070,51.880291,0.109812,6.26,Montpellier,2.23,2.31,1.843,2024-06-07 00:00:00,6.9
S_060,50.874055,-1.327486,7.45,Toulouse,5.57,6.18,1.738,2024-03-27 00:00:00,6.56
S_046,51.174973,1.414267,8.75,Marseille,6.37,7.33,1.83,2024-11-29 00:00:00,7.61
S_048,45.998142,5.600507,4.73,Marseille,6.79,1.5,1.712,2024-11-09 00:00:00,7.88
S_066,52.368236,5.992416,1.92,Bordeaux,8.45,8.62,1.958,2024-02-10 00:00:00,6.03
S_095,48.317541,-1.324402,3.81,Lille,6.31,2.92,1.746,2024-07-05 00:00:00,3.49
S_039,49.541209,-1.546338,8.39,Lille,4.03,7.66,1.753,2024-10-07 00:00:00,2.76
S_046,48.703483,-0.458778,2.65,Lille,6.87,8.27,1.74,2024-01-16 00:00:00,1.85
S_083,51.903232,2.540956,4.06,Lille,4.16,2.2,1.77,2024-09-26 00:00:00,1.23
S_078,46.99707,0.671617,5.6,Lyon,8.2,2.57,1.681,2024-12-08 00:00:00,2.18
S_082,48.718904,1.356073,7.65,Lyon,2.02,5.57,1.765,2024-11-08 00:00:00,1.95
S_074,50.60629,6.038882,5.76,Toulouse,3.1,1.31,1.779,2024-12-17 00:00:00,6.11
S_092,51.903847,2.546084,1.65,Montpellier,6.22,6.17,1.922,2024-09-28 00:00:00,8.1
S_014,46.250406,3.219476,2.31,Montpellier,5.57,4.38,1.749,2024-11-02 00:00:00,4.75
S_098,50.785769,0.498021,3.31,Strasbourg,1.56,1.78,1.733,2024-06-25 00:00:00,2.17
S_029,47.592798,1.498836,4.45,Bordeaux,5.81,2.97,1.754,2024-03-26 00:00:00,6.42
S_026,47.680148,-0.263443,3.66,Nice,4.98,8.63,1.934,2024-11-02 00:00:00,7.67
S_059,50.317521,3.362091,5.26,Lyon,6.12,1.21,1.913,2024-07-27 00:00:00,7.12
S_026,52.354866,6.268031,8.67,Bordeaux,6.17,5.11,1.794,2024-02-13 00:00:00,4.54
S_097,47.685111,4.318449,1.26,Toulouse,1.87,5.04,1.838,2024-06-15 00:00:00,3.69
S_098,47.348493,-0.345108,6.5,Marseille,6.39,5.24,1.849,2024-04-25 00:00:00,6.59
S_005,45.80254,6.348689,2.16,Nice,2.88,2.48,1.772,2024-11-01 00:00:00,7.19
S_002,50.414988,1.586761,3.81,Lyon,2.61,4.5,1.763,2024-11-25 00:00:00,6.16
S_100,46.317128,-1.610494,4.88,Nantes,6.49,1.26,1.889,2024-06-26 00:00:00,7.04
S_085,46.919488,1.768847,8.07,Lille,3.4,8.66,1.72,2024-02-18 00:00:00,1.52
S_088,45.399802,1.63418,1.91,Lyon,5.76,3.81,1.909,2024-04-17 00:00:00,6.97
S_080,46.320625,-1.06839,7.76,Paris,6.9,6.51,1.796,2024-07-21 00:00:00,7.19
S_005,50.32966,-0.217836,7.03,Nantes,6.91,7.81,1.793,2024-06-13 00:00:00,3.61
S_100,47.8951,1.069766,8.58,Nice,7.37,6.53,1.796,2024-05-30 00:00:00,5.08
S_035,50.51991,-1.337985,1.67,Lyon,5.11,5.34,1.953,2024-12-04 00:00:00,3.98
S_045,49.314351,-0.43696,2.03,Nice,5.07,6.73,1.939,2024-05-27 00:00:00,4.56
S_036,47.820146,2.722141,7.94,Marseille,4.46,1.75,1.971,2024-03-05 00:00:00,1.78
S_058,50.414115,-0.693284,1.22,Nantes,4.31,6.84,1.763,2024-02-06 00:00:00,4.29
S_055,52.538149,0.380749,8.64,Marseille,3.93,4.76,1.959,2024-12-15 00:00:00,5.2
S_054,45.555064,6.088196,3.46,Bordeaux,7.84,3.2,1.921,2024-07-18 00:00:00,4.94
S_038,48.845022,0.297928,1.76,Nice,5.44,2.35,1.913,2024-10-29 00:00:00,3.15
S_002,49.346291,-0.207357,6.67,Paris,5.68,3.5,1.976,2024-01-22 00:00:00,2.02
S_047,46.807829,4.334113,5.03,Strasbourg,7.55,2.9,1.949,2024-02-21 00:00:00,1.55
S_010,48.248846,0.878481,7.41,Marseille,3.02,4.28,1.846,2024-06-01 00:00:00,7.78
S_056,50.165371,4.941223,3.83,Montpellier,2.1,1.9,1.947,2024-11-20 00:00:00,8.16
S_100,48.743548,-0.928757,5.91,Nice,5.57,8.32,1.743,2024-08-30 00:00:00,3.91
S_092,50.505185,1.452109,5.53,Nantes,7.47,6.65,1.866,2024-07-22 00:00:00,5.25
S_085,46.025411,1.724299,8.25,Marseille,1.98,7.48,1.801,2024-07-31 00:00:00,3.23
S_016,52.767561,3.668067,6.25,Montpellier,5.13,2.34,1.742,2024-08-14 00:00:00,7.54
S_050,50.977626,3.169062,6.66,Nantes,7.75,1.88,1.767,2024-06-08 00:00:00,6.61
S_054,47.447554,3.980414,5.3,Paris,5.49,6.87,1.901,2024-10-10 00:00:00,4.46
S_018,52.760811,1.63573,6.37,Nantes,2.32,4.1,1.717,2024-08-23 00:00:00,2.24
S_035,51.942409,4.629677,7.23,Lyon,8.53,8.14,1.78,2024-08-17 00:00:00,4.93
S_056,49.509705,0.673355,4.7,Marseille,1.45,3.14,1.931,2024-10-03 00:00:00,2.93
S_053,46.43354,3.747181,6.75,Montpellier,2.56,2.76,1.704,2024-12-01 00:00:00,6.09
S_086,51.361492,4.114835,4.22,Lyon,6.0,4.92,1.893,2024-04-06 00:00:00,8.06
S_078,48.709444,4.447132,4.0,Marseille,1.26,7.04,1.754,2024-03-21 00:00:00,1.54
S_051,49.284945,4.742184,8.51,Montpellier,8.34,4.49,1.981,2024-10-09 00:00:00,1.33
S_067,45.676638,0.751928,8.73,Strasbourg,5.06,5.04,1.781,2024-11-06 00:00:00,7.28
S_048,46.099147,1.244004,2.43,Toulouse,2.96,2.4,1.959,2024-10-20 00:00:00,1.82
S_098,46.273332,0.313981,4.77,Marseille,6.73,7.87,1.744,2024-07-19 00:00:00,7.0
S_024,51.271733,-0.861932,7.97,Lyon,7.53,2.37,1.682,2024-11-03 00:00:00,7.67
S_028,50.064942,5.796719,2.02,Strasbourg,5.83,5.0,1.684,2024-08-18 00:00:00,2.44
S_053,51.795748,3.925902,1.96,Nantes,5.94,2.61,1.985,2024-06-14 00:00:00,3.33
S_036,50.369568,5.164253,6.8,Strasbourg,6.24,6.16,1.805,2024-02-08 00:00:00,5.93
S_004,49.665968,3.675674,8.38,Bordeaux,6.64,6.43,1.96,2024-06-15 00:00:00,4.48
S_059,51.400699,4.849652,5.97,Lille,5.46,7.95,1.705,2024-06-12 00:00:00,8.19
S_081,47.914827,5.628372,8.07,Bordeaux,6.06,4.63,1.742,2024-08-09 00:00:00,4.2
S_008,48.640577,-0.563251,6.58,Bordeaux,3.01,4.35,1.818,2024-07-22 00:00:00,3.22
S_030,45.306261,6.041742,8.76,Toulouse,7.41,6.34,1.715,2024-12-07 00:00:00,4.3
S_090,48.899007,1.662291,3.56,Lyon,5.74,6.76,1.966,2024-11-27 00:00:00,1.8
S_047,50.536859,5.838879,1.45,Nantes,8.34,4.18,1.855,2024-12-03 00:00:00,5.54
S_099,52.006818,5.481748,3.08,Paris,1.41,6.96,1.771,2024-12-09 00:00:00,2.86
S_012,49.709603,-0.956159,5.23,Nantes,8.48,5.89,1.949,2024-10-18 00:00:00,6.64
S_052,50.6327,3.59522,2.02,Bordeaux,4.68,7.1,1.891,2024-11-02 00:00:00,1.27
S_077,48.142627,2.620401,5.34,Lyon,6.28,2.63,1.717,2024-09-30 00:00:00,8.68
S_049,50.92249,6.183699,3.37,Lyon,4.88,5.37,1.721,2024-01-25 00:00:00,6.72
S_004,46.183759,4.728587,7.15,Bordeaux,8.52,7.06,1.775,2024-11-22 00:00:00,8.26
S_017,44.908135,2.896016,8.54,Nantes,5.47,3.64,1.698,2024-02-22 00:00:00,8.63
S_013,49.163073,-1.615425,4.33,Paris,2.0,2.35,1.966,2024-10-13 00:00:00,5.42
S_055,46.745393,4.98645,4.23,Nantes,8.77,6.03,1.702,2024-03-14 00:00:00,4.12
S_090,45.403971,0.830864,2.64,Montpellier,7.27,7.31,1.69,2024-02-15 00:00:00,5.31
S_093,48.23396,1.680472,3.01,Nantes,6.94,4.25,1.787,2024-09-21 00:00:00,4.87
S_083,52.704245,-0.565218,1.96,Nice,7.36,6.75,1.981,2024-02-04 00:00:00,8.2
S_079,48.215709,6.345968,2.7,Bordeaux,1.55,6.04,1.928,2024-06-03 00:00:00,3.15
S_076,47.131548,4.486582,1.66,Nantes,6.65,7.47,1.748,2024-07-31 00:00:00,3.33
S_014,46.413065,4.657559,3.65,Nice,6.73,4.3,1.862,2024-10-26 00:00:00,2.54
S_072,45.877036,-1.111626,6.64,Montpellier,8.37,2.49,1.701,2024-08-30 00:00:00,1.39
S_073,47.470146,0.001563,6.75,Lyon,8.09,3.29,1.838,2024-08-04 00:00:00,6.53
S_049,48.762284,-1.591437,3.58,Montpellier,6.5,7.21,1.816,2024-04-27 00:00:00,2.08
S_035,45.414292,3.167446,7.48,Paris,3.19,3.9,1.934,2024-01-06 00:00:00,6.87
S_068,49.361032,2.286439,4.55,Paris,5.01,5.44,1.967,2024-12-05 00:00:00,1.78
S_032,45.091923,3.041477,2.45,Nice,4.61,3.37,1.932,2024-01-26 00:00:00,2.96
S_089,45.747163,3.23194,2.78,Toulouse,5.47,5.0,1.845,2024-09-16 00:00:00,6.51
S_049,52.655021,4.877656,8.25,Nantes,6.97,6.91,1.749,2024-09-07 00:00:00,8.79
S_076,51.8656,6.005151,6.49,Bordeaux,7.81,5.8,1.913,2024-01-05 00:00:00,3.01
S_017,51.141619,4.47503,7.08,Bordeaux,3.65,4.86,1.941,2024-02-03 00:00:00,2.3
S_098,45.165044,3.123073,4.44,Montpellier,3.24,7.7,1.987,2024-08-05 00:00:00,6.85
S_016,49.032158,-1.616611,3.67,Marseille,6.99,6.24,1.853,2024-04-18 00:00:00,6.84
S_034,49.004208,3.509901,6.67,Nantes,5.46,4.7,1.713,2024-11-17 00:00:00,1.87
S_035,48.137285,-1.56202,5.67,Lille,1.55,7.92,1.757,2024-08-05 00:00:00,2.48
S_091,48.059127,-1.163195,6.81,Montpellier,6.57,5.87,1.886,2024-08-25 00:00:00,4.65
S_018,46.771496,6.010198,4.85,Lyon,6.48,5.19,1.919,2024-12-23 00:00:00,4.95
S_027,50.05404,-1.500612,2.71,Bordeaux,8.09,2.24,1.831,2024-04-06 00:00:00,5.91
S_086,51.956644,1.706819,2.48,Paris,5.57,4.97,1.774,2024-03-06 00:00:00,7.77
S_096,46.829692,2.631828,6.17,Strasbourg,2.84,4.38,1.903,2024-12-03 00:00:00,2.02
S_062,52.091717,3.57597,3.76,Paris,2.09,4.86,1.969,2024-04-20 00:00:00,8.09
S_019,47.318897,3.192589,3.56,Montpellier,7.7,5.92,1.887,2024-08-06 00:00:00,5.08
S_073,51.687791,5.029093,2.56,Nice,4.8,4.15,1.948,2024-11-03 00:00:00,4.48
S_053,47.715392,1.381305,5.21,Lyon,1.88,8.18,1.704,2024-07-29 00:00:00,2.4
S_045,44.919349,1.615564,4.38,Montpellier,6.0,7.8,1.827,2024-10-26 00:00:00,8.77
S_088,45.034884,5.61,7.64,Lille,6.54,6.8,1.921,2024-10-09 00:00:00,7.91
S_001,45.166603,-1.43652,4.04,Marseille,7.27,3.77,1.888,2024-08-07 00:00:00,2.1
S_075,52.123849,3.108652,2.72,Nantes,6.51,6.45,1.693,2024-11-12 00:00:00,2.18
S_048,49.255531,5.790228,3.54,Paris,7.28,4.22,1.688,2024-09-26 00:00:00,6.12
S_035,48.224698,3.860385,5.2,Montpellier,5.87,4.91,1.983,2024-08-11 00:00:00,1.75
S_036,45.32586,-1.373865,2.51,Marseille,2.01,4.68,1.801,2024-05-12 00:00:00,4.65
S_081,47.48634,-1.576985,4.53,Marseille,2.03,2.14,1.868,2024-10-20 00:00:00,5.85
S_048,51.926976,-0.407186,3.25,Paris,8.74,1.22,1.923,2024-03-06 00:00:00,4.14
S_043,52.673459,-0.693966,2.13,Strasbourg,8.66,6.11,1.782,2024-06-28 00:00:00,5.0
S_037,46.729813,4.349606,7.78,Paris,4.66,6.43,1.777,2024-03-07 00:00:00,6.46
S_041,47.030721,5.582882,5.8,Strasbourg,1.55,1.78,1.97,2024-05-11 00:00:00,2.54
S_095,47.191289,5.225135,6.01,Bordeaux,7.52,1.66,1.933,2024-05-27 00:00:00,5.68
S_070,48.309571,3.380791,5.62,Toulouse,3.64,6.19,1.717,2024-12-25 00:00:00,3.33
S_062,49.669478,2.356104,4.7,Toulouse,3.04,4.55,1.986,2024-12-24 00:00:00,4.71
S_002,51.467305,2.316039,3.45,Lille,7.03,8.65,1.797,2024-03-23 00:00:00,2.31
S_003,48.394859,3.306523,6.93,Paris,2.8,3.79,1.854,2024-11-23 00:00:00,5.15
S_044,49.811662,3.911494,3.2,Montpellier,8.48,3.75,1.681,2024-04-21 00:00:00,8.32
S_012,46.341477,-0.462034,5.42,Strasbourg,4.72,6.11,1.838,2024-02-22 00:00:00,4.34
S_070,46.52759,4.459604,1.58,Montpellier,2.44,1.21,1.976,2024-04-29 00:00:00,3.27
S_007,49.645658,4.560138,3.68,Toulouse,6.05,7.8,1.887,2024-02-09 00:00:00,6.92
S_009,52.601412,-0.22197,1.69,Lyon,5.46,2.29,1.713,2024-12-19 00:00:00,2.64
S_099,52.753765,1.072352,1.48,Montpellier,8.05,7.88,1.778,2024-11-17 00:00:00,4.42
S_071,46.66004,3.235931,7.06,Paris,3.81,6.54,1.964,2024-10-17 00:00:00,6.9
S_023,50.410718,4.288354,6.65,Toulouse,3.72,4.85,1.912,2024-09-21 00:00:00,2.76
S_054,52.526246,0.420185,5.89,Bordeaux,5.14,1.52,1.95,2024-12-16 00:00:00,5.95
S_056,51.765265,0.200488,4.27,Paris,4.4,8.33,1.856,2024-09-14 00:00:00,3.19
S_034,50.054747,3.73479,5.95,Nantes,7.15,2.39,1.855,2024-02-16 00:00:00,2.81
S_025,46.571613,3.043858,7.13,Bordeaux,1.79,6.83,1.741,2024-04-21 00:00:00,3.51
S_066,46.164691,2.473603,8.5,Lyon,7.29,3.15,1.69,2024-10-03 00:00:00,8.44
S_011,47.001856,2.234115,1.61,Bordeaux,3.34,1.61,1.907,2024-09-27 00:00:00,4.29
S_011,47.125194,4.467214,4.8,Lyon,6.46,5.67,1.975,2024-10-07 00:00:00,5.38
S_004,45.240352,3.465507,1.23,Nice,7.79,1.66,1.693,2024-07-29 00:00:00,4.85
S_076,49.951052,1.90534,7.49,Paris,2.49,1.97,1.879,2024-04-02 00:00:00,1.36
S_056,50.833599,-0.067204,8.21,Montpellier,7.57,3.01,1.958,2024-05-07 00:00:00,8.64
S_005,47.623704,1.204624,6.26,Nantes,7.73,2.88,1.709,2024-10-29 00:00:00,7.08
S_062,45.043876,3.385063,2.36,Bordeaux,5.36,8.13,1.699,2024-05-31 00:00:00,1.35
S_022,47.599205,-1.010732,5.61,Bordeaux,8.37,8.33,1.977,2024-05-04 00:00:00,3.55
S_049,45.617602,-0.344308,2.74,Paris,1.47,3.82,1.772,2024-10-21 00:00:00,1.64
S_045,52.258852,1.674273,6.37,Nice,2.77,3.03,1.961,2024-02-04 00:00:00,6.54
S_089,51.280511,0.21645,8.66,Nantes,4.44,4.46,1.776,2024-08-15 00:00:00,5.95
S_077,52.139195,0.546945,6.19,Paris,6.92,6.85,1.755,2024-11-28 00:00:00,5.94
S_041,52.167703,2.427311,3.6,Nantes,4.3,7.36,1.968,2024-07-18 00:00:00,4.11
S_043,47.089977,1.391304,1.92,Nantes,1.32,3.63,1.715,2024-06-26 00:00:00,5.92
S_019,47.068529,4.221457,1.34,Nice,6.29,7.46,1.716,2024-07-02 00:00:00,2.18
S_094,50.836703,0.567165,8.7,Paris,7.38,4.16,1.792,2024-09-11 00:00:00,5.51
S_084,52.66351,3.707019,8.6,Nantes,8.24,6.78,1.884,2024-09-14 00:00:00,6.71
S_003,45.919644,1.841021,2.0,Montpellier,5.13,5.95,1.902,2024-11-26 00:00:00,7.68
S_097,52.461761,0.172469,7.07,Lille,8.77,5.88,1.838,2024-06-24 00:00:00,3.37
S_021,47.900694,3.755116,2.49,Nantes,4.23,5.29,1.776,2024-11-24 00:00:00,6.15
S_013,47.657008,4.826833,2.57,Bordeaux,7.29,5.21,1.864,2024-10-03 00:00:00,8.25
S_029,50.157837,-0.27287,1.33,Strasbourg,2.1,5.58,1.817,2024-05-04 00:00:00,2.83
S_064,51.39481,1.314605,6.84,Marseille,5.63,2.67,1.691,2024-04-20 00:00:00,5.7
S_042,48.069184,2.737484,8.39,Lyon,1.4,2.56,1.908,2024-08-16 00:00:00,2.41
S_083,46.046421,5.595245,4.57,Montpellier,3.11,4.31,1.843,2024-09-23 00:00:00,8.44
S_005,45.870845,4.355771,6.61,Nantes,2.73,3.98,1.958,2024-01-13 00:00:00,4.12
S_043,50.83321,1.664237,8.33,Toulouse,5.45,2.39,1.904,2024-11-10 00:00:00,7.09
S_060,48.789423,3.220192,1.75,Lille,3.9,8.56,1.719,2024-04-21 00:00:00,7.85
S_023,48.648342,1.77501,4.48,Marseille,7.77,8.0,1.81,2024-05-29 00:00:00,3.12
S_052,52.326153,4.776967,7.52,Toulouse,1.45,4.13,1.851,2024-07-31 00:00:00,2.68
S_050,51.468688,3.860436,3.93,Marseille,7.78,5.15,1.976,2024-11-22 00:00:00,6.0
S_087,52.267768,-1.312812,5.9,Montpellier,5.02,5.61,1.803,2024-10-12 00:00:00,8.24
S_029,46.301345,0.661646,3.4,Lille,3.7,6.3,1.857,2024-02-15 00:00:00,1.89
S_010,52.842686,6.177352,2.5,Toulouse,3.74,2.99,1.754,2024-01-18 00:00:00,4.43
S_035,45.044255,0.368655,2.65,Toulouse,4.72,6.0,1.817,2024-10-26 00:00:00,5.09
S_031,47.02762,2.155504,1.33,Lille,5.46,1.89,1.935,2024-10-03 00:00:00,5.23
S_083,52.779809,1.028832,3.18,Nice,8.77,2.04,1.779,2024-03-19 00:00:00,5.06
S_027,49.959434,5.157131,7.89,Lille,5.4,8.4,1.839,2024-08-30 00:00:00,7.07
S_044,46.596909,3.276161,2.77,Nice,8.09,7.0,1.9,2024-01-21 00:00:00,5.34
S_045,49.350673,0.940236,5.06,Lille,6.17,3.65,1.86,2024-12-19 00:00:00,4.55
S_010,50.418022,2.385051,7.13,Strasbourg,1.48,7.25,1.856,2024-04-05 00:00:00,5.57
S_024,50.926914,3.933265,2.56,Lyon,7.55,2.18,1.754,2024-02-23 00:00:00,8.2
S_036,46.82351,5.223628,1.81,Lille,3.14,1.64,1.71,2024-08-18 00:00:00,4.94
S_035,47.202278,3.259117,7.54,Nice,3.66,6.06,1.823,2024-05-29 00:00:00,4.17
S_023,49.336502,4.326412,2.49,Nantes,5.43,8.04,1.893,2024-03-17 00:00:00,8.11
S_052,51.145496,2.289367,4.08,Lyon,4.41,5.9,1.936,2024-09-08 00:00:00,6.76
S_097,49.701423,0.891086,2.39,Montpellier,7.04,8.69,1.798,2024-06-11 00:00:00,7.7
S_066,51.956012,0.178756,2.02,Lille,1.72,5.18,1.703,2024-03-15 00:00:00,3.43
S_053,44.882469,-1.420741,7.59,Lyon,6.26,3.36,1.696,2024-06-15 00:00:00,5.24
S_029,47.609879,4.519145,4.79,Lille,6.24,6.79,1.97,2024-02-26 00:00:00,6.52
S_009,52.272497,2.21319,4.99,Bordeaux,6.89,5.18,1.934,2024-06-16 00:00:00,5.07
S_085,44.975511,6.105809,8.18,Nice,5.45,2.96,1.695,2024-12-19 00:00:00,1.62
S_013,52.481274,5.759249,5.22,Marseille,2.69,8.69,1.759,2024-01-03 00:00:00,8.17
S_065,47.880583,3.699623,2.71,Toulouse,5.62,8.57,1.886,2024-08-26 00:00:00,2.0
S_083,52.120972,0.304025,8.4,Marseille,4.7,4.08,1.84,2024-10-30 00:00:00,5.6
S_067,45.227413,3.670212,6.26,Toulouse,8.27,2.42,1.826,2024-10-11 00:00:00,1.36
S_091,46.826293,5.100053,4.46,Montpellier,6.39,3.52,1.795,2024-10-06 00:00:00,2.52
S_013,45.676715,1.083665,6.95,Montpellier,5.4,2.25,1.929,2024-04-22 00:00:00,5.48
S_009,49.00796,-0.160023,8.3,Lyon,3.59,8.24,1.846,2024-07-18 00:00:00,4.93
S_097,47.440174,1.60635,4.99,Toulouse,7.57,4.56,1.866,2024-02-29 00:00:00,5.88
S_095,46.555478,3.848206,1.4,Nantes,7.73,8.19,1.977,2024-02-11 00:00:00,3.4
S_044,52.515382,0.876854,8.28,Lyon,3.84,5.5,1.765,2024-01-11 00:00:00,3.79
S_028,52.617511,0.694193,7.5,Montpellier,1.73,6.76,1.722,2024-10-29 00:00:00,1.69
S_095,48.32024,4.536223,2.84,Strasbourg,4.03,3.28,1.749,2024-02-23 00:00:00,6.26
S_011,46.511951,0.904111,3.86,Bordeaux,4.95,5.61,1.939,2024-04-26 00:00:00,8.4
S_032,45.359032,2.493613,2.94,Marseille,2.76,4.48,1.841,2024-05-06 00:00:00,7.54
S_081,46.381712,0.452594,1.23,Lille,4.18,2.81,1.873,2024-06-26 00:00:00,3.81
S_071,52.068947,-1.067709,6.41,Bordeaux,3.27,6.36,1.886,2024-04-28 00:00:00,8.2
S_009,52.386837,5.876165,4.0,Bordeaux,1.22,6.33,1.749,2024-09-22 00:00:00,7.14
S_040,48.564929,3.16333,8.48,Toulouse,1.69,4.58,1.86,2024-02-18 00:00:00,3.75
S_071,52.338395,3.782252,1.31,Nantes,6.99,7.49,1.71,2024-02-05 00:00:00,5.47
S_006,48.625051,-1.405574,3.44,Lyon,2.04,8.51,1.972,2024-01-23 00:00:00,4.69
S_057,45.08017,3.674269,1.48,Lille,6.21,2.32,1.959,2024-09-03 00:00:00,3.14
S_092,50.057666,-1.366705,1.85,Strasbourg,6.37,6.59,1.894,2024-06-26 00:00:00,3.32
S_009,51.740581,6.123099,1.64,Nice,1.96,2.51,1.977,2024-09-08 00:00:00,4.29
S_005,46.691932,-0.6643,1.68,Montpellier,3.71,2.55,1.741,2024-04-03 00:00:00,8.21
S_093,46.381857,0.088847,1.44,Nice,7.21,2.83,1.825,2024-08-02 00:00:00,5.37
S_050,50.635149,-0.835097,3.59,Strasbourg,5.01,1.79,1.958,2024-04-19 00:00:00,6.35
S_100,50.831002,0.591843,5.07,Nantes,1.33,8.78,1.952,2024-06-17 00:00:00,6.84
S_006,44.933308,-0.490207,8.21,Nantes,6.1,3.54,1.687,2024-07-19 00:00:00,8.38
S_060,48.01793,2.6726,4.49,Marseille,4.48,4.3,1.76,2024-04-24 00:00:00,7.45
S_078,46.88012,4.029226,7.96,Bordeaux,4.55,5.81,1.754,2024-11-20 00:00:00,1.53
S_012,45.849223,-0.642846,5.24,Lyon,3.16,4.13,1.811,2024-10-23 00:00:00,6.23
S_062,45.542942,5.667841,2.88,Nice,3.53,6.31,1.891,2024-09-20 00:00:00,2.85
S_050,48.126054,0.926966,2.09,Lyon,8.23,3.37,1.849,2024-08-26 00:00:00,4.09
S_036,45.643795,2.451622,3.18,Toulouse,4.93,6.37,1.733,2024-04-09 00:00:00,8.46
S_093,47.994121,5.795835,7.26,Montpellier,3.49,5.99,1.934,2024-08-26 00:00:00,1.56
S_052,50.998376,-1.101094,7.38,Paris,6.27,8.34,1.768,2024-12-24 00:00:00,3.18
S_027,48.690001,1.050737,4.4,Marseille,8.46,1.89,1.951,2024-05-01 00:00:00,5.51
S_042,51.085328,6.175507,6.15,Toulouse,5.21,6.52,1.863,2024-08-31 00:00:00,6.14
S_090,50.185331,4.869506,6.72,Nantes,5.77,5.81,1.748,2024-01-20 00:00:00,6.42
S_051,47.215633,3.651308,8.53,Marseille,4.29,6.82,1.893,2024-06-16 00:00:00,3.49
S_048,51.29644,3.268364,6.55,Bordeaux,3.57,4.08,1.861,2024-02-21 00:00:00,8.2
S_073,47.051406,0.783322,6.08,Lyon,5.52,1.83,1.849,2024-02-20 00:00:00,4.09
S_083,45.509517,0.270531,5.63,Toulouse,4.11,3.86,1.94,2024-03-19 00:00:00,6.39
S_017,46.778782,3.14978,4.21,Marseille,3.75,3.96,1.981,2024-12-09 00:00:00,8.78
S_075,45.045203,4.780121,4.8,Marseille,4.62,5.53,1.702,2024-07-02 00:00:00,6.47
S_016,50.657632,1.443534,4.96,Nice,5.59,1.32,1.989,2024-03-24 00:00:00,5.94
S_086,51.975516,2.676138,2.69,Montpellier,4.89,2.19,1.828,2024-01-04 00:00:00,7.94
S_100,49.421452,1.049462,6.09,Toulouse,5.57,3.3,1.831,2024-05-20 00:00:00,2.65
S_012,52.5652,-0.574134,7.73,Strasbourg,8.6,4.68,1.79,2024-02-21 00:00:00,6.49
S_068,46.726439,0.474987,1.98,Paris,2.49,5.14,1.816,2024-02-18 00:00:00,7.76
S_085,52.212765,5.583279,8.36,Marseille,3.82,1.22,1.706,2024-05-16 00:00:00,4.51
S_023,45.268053,-1.044361,4.17,Nice,2.16,5.19,1.832,2024-07-04 00:00:00,2.93
S_089,49.334118,5.254541,1.35,Lille,5.32,6.59,1.746,2024-03-10 00:00:00,5.18
S_073,49.276453,5.717351,6.82,Bordeaux,2.72,2.58,1.757,2024-09-22 00:00:00,3.94
S_017,50.79964,0.90156,4.99,Nice,7.0,8.3,1.752,2024-03-05 00:00:00,7.03
S_057,48.546898,-0.908672,8.28,Toulouse,3.1,7.95,1.748,2024-08-22 00:00:00,3.98
S_058,46.095941,-0.388984,3.2,Strasbourg,3.37,2.37,1.97,2024-06-30 00:00:00,6.42
S_037,51.981178,6.125397,2.77,Strasbourg,5.22,5.97,1.778,2024-09-20 00:00:00,2.54
S_003,51.178552,4.836488,2.93,Paris,6.56,6.18,1.957,2024-12-25 00:00:00,3.57
S_061,49.677752,3.015834,3.96,Marseille,3.98,2.47,1.98,2024-02-18 00:00:00,5.76
S_064,51.926026,3.992927,5.67,Marseille,5.51,7.9,1.984,2024-01-08 00:00:00,8.48
S_086,51.839915,6.097379,5.67,Toulouse,1.46,8.56,1.845,2024-06-27 00:00:00,8.6
S_057,48.94213,2.076376,2.13,Paris,7.46,5.85,1.937,2024-09-05 00:00:00,2.97
S_026,50.768268,0.728217,1.34,Lyon,7.03,3.75,1.69,2024-08-04 00:00:00,2.57
S_058,49.801664,2.995759,1.37,Nantes,8.22,4.34,1.878,2024-05-26 00:00:00,4.34
S_057,50.817132,6.233816,5.74,Strasbourg,8.66,7.46,1.766,2024-11-01 00:00:00,6.47
S_073,49.555665,-0.452798,4.98,Nantes,3.57,8.72,1.86,2024-11-30 00:00:00,7.18
S_030,46.339064,0.177418,2.09,Paris,5.01,7.35,1.805,2024-04-27 00:00:00,7.81
S_066,50.19019,0.852556,8.36,Lyon,7.09,7.06,1.883,2024-08-27 00:00:00,8.46
S_009,46.820455,4.810155,5.42,Paris,4.35,7.42,1.765,2024-10-02 00:00:00,3.87
S_025,45.707916,1.864609,1.85,Toulouse,7.86,7.66,1.804,2024-11-10 00:00:00,6.17
S_040,49.100149,0.702461,5.21,Bordeaux,6.6,3.45,1.902,2024-08-21 00:00:00,2.92
S_018,47.708268,0.353979,4.37,Marseille,3.55,8.53,1.763,2024-10-14 00:00:00,8.7
S_058,46.098682,-0.535094,6.74,Paris,8.51,6.16,1.931,2024-02-10 00:00:00,2.57
S_054,46.051878,0.856069,6.76,Montpellier,6.1,3.68,1.768,2024-06-03 00:00:00,2.61
S_057,48.946827,6.170939,4.89,Bordeaux,4.57,8.46,1.713,2024-02-11 00:00:00,4.83
S_079,49.301199,-0.420951,2.05,Paris,7.85,7.53,1.881,2024-07-13 00:00:00,2.62
S_054,45.323077,1.741768,4.39,Lille,2.29,2.88,1.696,2024-05-04 00:00:00,5.52
S_009,50.263391,2.173807,1.67,Paris,8.15,7.84,1.802,2024-03-20 00:00:00,1.85
S_027,45.23601,5.811239,3.75,Marseille,6.09,8.56,1.883,2024-10-20 00:00:00,8.71
S_061,46.763757,4.088909,8.77,Strasbourg,1.55,2.12,1.741,2024-07-23 00:00:00,2.93
S_098,49.37382,5.265668,1.87,Montpellier,7.22,8.57,1.699,2024-03-14 00:00:00,1.41
S_061,50.136397,0.365888,5.53,Montpellier,3.14,1.25,1.756,2024-10-23 00:00:00,7.4
S_099,49.952797,4.887458,2.41,Bordeaux,5.06,2.23,1.92,2024-02-29 00:00:00,8.12
S_034,45.403873,0.672676,7.88,Lille,5.02,4.97,1.713,2024-07-03 00:00:00,4.41
S_049,52.534855,4.344394,6.62,Strasbourg,3.46,7.03,1.683,2024-03-18 00:00:00,1.76
S_023,45.550106,4.224238,8.7,Lille,4.28,5.46,1.984,2024-09-15 00:00:00,6.56
S_098,48.21148,-1.029865,1.54,Strasbourg,5.66,5.83,1.766,2024-10-07 00:00:00,7.66
S_016,51.217896,3.260607,6.11,Strasbourg,5.22,2.55,1.802,2024-09-18 00:00:00,2.82
S_026,49.395953,5.258074,1.93,Nantes,5.92,7.56,1.69,2024-05-13 00:00:00,1.98
S_048,47.559029,-0.907,3.62,Marseille,2.9,8.7,1.981,2024-06-01 00:00:00,3.41
S_061,49.704068,1.544759,7.24,Bordeaux,4.21,1.6,1.961,2024-07-07 00:00:00,4.51
S_030,45.565593,5.592162,7.01,Toulouse,1.77,5.18,1.745,2024-12-15 00:00:00,4.67
S_010,50.102507,1.560113,6.49,Nantes,1.76,5.34,1.889,2024-08-23 00:00:00,6.88
S_083,45.644375,4.77077,5.45,Lyon,2.84,4.28,1.705,2024-01-03 00:00:00,3.79
S_071,50.930167,3.162984,5.3,Bordeaux,2.87,8.11,1.887,2024-08-14 00:00:00,4.58
S_013,51.466433,4.370382,7.06,Nantes,2.11,7.8,1.711,2024-11-21 00:00:00,7.95
S_011,47.22566,-0.639091,6.31,Marseille,2.76,1.49,1.744,2024-06-08 00:00:00,4.0
S_037,45.797586,3.138525,5.81,Lille,2.59,5.06,1.823,2024-04-10 00:00:00,7.37
S_049,48.312651,0.680178,4.58,Lyon,5.06,1.52,1.923,2024-08-28 00:00:00,2.77
S_003,51.171725,-1.483122,2.75,Nantes,7.82,2.0,1.768,2024-11-17 00:00:00,4.47
S_062,45.15069,6.026443,5.31,Lyon,4.36,5.48,1.939,2024-11-30 00:00:00,2.67
S_019,49.637379,-0.689084,5.2,Marseille,2.86,4.63,1.901,2024-08-16 00:00:00,4.68
S_091,48.873174,5.153937,1.9,Lyon,6.42,2.4,1.832,2024-05-14 00:00:00,3.21
S_038,45.00424,3.979463,3.59,Strasbourg,8.42,2.05,1.882,2024-08-09 00:00:00,6.21
S_048,52.445986,-0.413966,2.48,Bordeaux,7.76,4.71,1.736,2024-11-08 00:00:00,2.77
S_006,49.079775,3.398429,6.79,Lille,5.84,2.66,1.928,2024-03-16 00:00:00,5.14
S_096,52.440241,4.218208,2.01,Montpellier,5.26,3.43,1.845,2024-05-27 00:00:00,2.92
S_099,50.98923,1.090977,1.89,Paris,1.68,6.5,1.703,2024-03-29 00:00:00,1.87
S_019,49.851834,1.258814,3.1,Marseille,2.0,4.29,1.973,2024-09-26 00:00:00,4.44
S_074,51.528326,5.717959,6.84,Bordeaux,7.33,1.43,1.748,2024-10-16 00:00:00,2.74
S_051,52.063987,1.27544,6.06,Nice,1.36,5.98,1.916,2024-01-10 00:00:00,7.67
S_056,48.130167,3.148242,1.78,Marseille,8.14,7.17,1.733,2024-10-28 00:00:00,1.49
S_096,52.11178,2.283002,2.11,Nice,5.75,3.12,1.761,2024-05-16 00:00:00,2.21
S_048,51.712028,1.704594,4.54,Lille,5.27,4.18,1.715,2024-05-20 00:00:00,4.67
S_046,50.982902,6.150189,5.31,Montpellier,6.77,5.33,1.937,2024-07-13 00:00:00,3.04
S_053,52.841993,2.68509,6.32,Montpellier,7.49,2.95,1.928,2024-08-30 00:00:00,1.26
S_016,52.06288,2.405809,4.45,Nice,8.72,2.9,1.712,2024-11-10 00:00:00,3.75
S_064,51.50009,4.014873,3.47,Nantes,3.29,4.97,1.983,2024-01-05 00:00:00,4.64
S_047,45.66585,5.00906,2.21,Montpellier,3.69,6.27,1.938,2024-09-04 00:00:00,7.59
S_043,44.913912,4.365869,8.4,Nice,6.49,3.32,1.703,2024-03-25 00:00:00,6.23
S_039,46.668506,2.03167,2.01,Nice,1.45,3.27,1.93,2024-11-22 00:00:00,3.91
S_062,52.569881,2.338423,4.11,Paris,5.35,2.34,1.976,2024-04-19 00:00:00,5.64
S_055,52.485615,1.835419,5.52,Strasbourg,1.37,2.61,1.74,2024-09-27 00:00:00,1.75
S_084,47.1106,2.99006,5.25,Strasbourg,5.69,5.73,1.817,2024-10-03 00:00:00,5.0
S_062,47.463304,-0.711248,7.6,Toulouse,6.72,6.65,1.795,2024-08-02 00:00:00,1.38
S_004,50.414766,1.646871,7.13,Marseille,3.55,5.07,1.821,2024-05-13 00:00:00,6.96
S_015,49.313329,2.613222,1.88,Toulouse,1.9,7.23,1.778,2024-03-09 00:00:00,8.61
S_026,48.673638,5.218028,4.34,Bordeaux,1.57,1.63,1.713,2024-05-03 00:00:00,2.65
S_046,46.658045,4.645508,8.33,Marseille,2.3,3.88,1.953,2024-08-20 00:00:00,2.24
S_073,49.041542,4.810242,5.21,Toulouse,3.0,4.63,1.726,2024-11-06 00:00:00,5.86
S_045,47.281695,1.865313,7.89,Toulouse,3.66,4.57,1.948,2024-07-19 00:00:00,5.39
S_053,47.624067,-0.984867,1.6,Marseille,5.37,1.48,1.835,2024-06-20 00:00:00,2.82
S_065,51.070738,0.031084,6.52,Paris,6.55,4.66,1.765,2024-03-25 00:00:00,2.47
S_021,45.441972,3.536265,1.23,Lyon,3.8,4.19,1.756,2024-04-15 00:00:00,6.41
S_079,48.290818,1.890512,6.56,Nantes,1.55,3.11,1.819,2024-11-20 00:00:00,3.61
S_033,50.178709,5.638238,7.53,Montpellier,2.6,3.71,1.733,2024-09-29 00:00:00,3.26
S_081,45.093528,0.43325,1.75,Nantes,6.75,4.83,1.876,2024-11-08 00:00:00,6.81
S_071,49.748999,-0.826706,3.53,Paris,5.29,3.71,1.94,2024-07-30 00:00:00,3.27
S_030,52.477538,4.451346,6.93,Nantes,8.23,5.43,1.742,2024-02-14 00:00:00,7.15
S_040,51.693856,4.731888,4.87,Montpellier,7.28,6.66,1.909,2024-05-30 00:00:00,8.32
S_077,46.330405,3.265358,3.63,Lille,5.77,6.93,1.915,2024-05-27 00:00:00,5.02
S_044,52.463388,1.283819,3.45,Paris,6.69,2.3,1.742,2024-11-26 00:00:00,7.04
S_006,46.989559,1.833996,8.26,Toulouse,2.24,2.11,1.94,2024-02-12 00:00:00,7.08
S_092,49.757563,6.246448,6.57,Strasbourg,4.72,2.57,1.789,2024-02-24 00:00:00,2.57
S_035,50.294784,3.37677,7.03,Paris,8.03,7.76,1.809,2024-05-27 00:00:00,6.59
S_047,47.433367,-0.378207,8.71,Montpellier,7.74,7.92,1.787,2024-01-19 00:00:00,5.93
S_048,51.651465,2.887865,4.43,Lille,7.09,7.85,1.7,2024-10-10 00:00:00,5.16
S_096,46.387921,3.012605,1.56,Strasbourg,5.17,1.84,1.684,2024-06-15 00:00:00,5.3
S_023,47.950355,-1.483045,6.88,Marseille,5.55,3.36,1.903,2024-04-05 00:00:00,5.58
S_078,47.381549,6.137466,4.55,Montpellier,8.37,6.99,1.781,2024-05-23 00:00:00,8.36
S_080,45.327252,2.517906,3.46,Strasbourg,7.27,5.87,1.724,2024-10-07 00:00:00,5.92
S_035,52.644813,5.925366,5.46,Toulouse,7.94,6.97,1.933,2024-07-02 00:00:00,5.44
S_089,45.7208,-1.347739,7.89,Montpellier,8.51,4.73,1.852,2024-11-05 00:00:00,2.36
S_091,45.423638,0.651318,6.64,Nantes,4.1,7.55,1.875,2024-05-24 00:00:00,7.57
S_088,46.727342,5.165867,6.62,Lyon,4.7,5.92,1.828,2024-07-30 00:00:00,1.37
S_029,47.186806,5.601469,7.01,Nantes,3.45,8.61,1.813,2024-02-08 00:00:00,4.41
S_021,50.82146,5.10002,7.6,Nantes,5.02,7.54,1.751,2024-05-23 00:00:00,5.35
S_083,51.734336,3.246577,7.34,Lille,4.9,3.84,1.713,2024-08-15 00:00:00,2.03
S_041,52.039401,3.089335,5.78,Bordeaux,1.53,7.92,1.855,2024-12-18 00:00:00,5.47
S_020,46.89291,-1.414743,4.07,Paris,6.48,3.12,1.816,2024-09-06 00:00:00,5.25
S_094,50.650787,5.991148,7.4,Montpellier,2.04,1.87,1.93,2024-08-29 00:00:00,1.9
S_055,51.488394,2.514456,3.42,Montpellier,3.61,6.24,1.97,2024-02-06 00:00:00,1.35
S_018,50.457907,1.033408,7.33,Strasbourg,5.9,7.06,1.976,2024-08-01 00:00:00,1.48
S_029,50.120358,5.267075,4.7,Nice,2.53,7.59,1.757,2024-10-10 00:00:00,8.03
S_080,50.032642,6.282597,4.68,Bordeaux,7.97,6.79,1.948,2024-11-16 00:00:00,5.07
S_067,48.532454,2.702882,5.29,Lyon,5.88,2.01,1.962,2024-04-26 00:00:00,7.38
S_085,45.610699,1.587406,5.47,Lyon,5.72,4.93,1.822,2024-11-26 00:00:00,7.19
S_056,50.818688,2.831594,3.52,Marseille,5.21,2.3,1.935,2024-09-22 00:00:00,3.41
S_001,50.386551,5.017721,8.73,Bordeaux,2.5,4.88,1.756,2024-01-30 00:00:00,1.24
S_089,47.192018,-1.34244,3.98,Lyon,3.2,3.2,1.72,2024-01-30 00:00:00,3.74
S_089,47.857332,1.60497,4.0,Nice,6.34,3.97,1.854,2024-04-02 00:00:00,4.71
S_072,50.889176,1.135201,8.71,Bordeaux,4.24,7.63,1.813,2024-03-03 00:00:00,8.27
S_032,46.530836,2.093712,2.8,Lyon,4.14,5.79,1.773,2024-01-26 00:00:00,1.58
S_011,48.105682,1.157201,7.07,Marseille,1.44,1.38,1.876,2024-01-12 00:00:00,3.64
S_083,49.423597,2.602386,4.19,Lille,7.14,2.02,1.799,2024-05-01 00:00:00,8.01
S_087,50.728953,1.121203,3.31,Bordeaux,3.43,5.44,1.967,2024-05-21 00:00:00,8.64
S_004,49.820702,2.941717,1.56,Lille,6.55,7.18,1.711,2024-08-03 00:00:00,5.25
S_065,45.648846,2.889454,4.88,Toulouse,3.33,8.49,1.734,2024-08-17 00:00:00,1.51
S_056,51.485582,5.743756,5.54,Paris,3.14,2.66,1.798,2024-12-16 00:00:00,6.72
S_012,48.498895,-1.085592,7.27,Lille,7.2,3.42,1.765,2024-08-16 00:00:00,1.9
S_034,48.337976,0.853145,3.62,Lyon,6.77,2.47,1.706,2024-12-22 00:00:00,3.26
S_053,49.242771,5.064371,7.01,Paris,8.09,6.15,1.978,2024-01-23 00:00:00,6.78
S_074,47.644178,2.921278,3.16,Toulouse,2.5,4.96,1.716,2024-01-11 00:00:00,1.62
S_041,45.631786,-0.570377,1.24,Nice,4.46,3.06,1.977,2024-05-18 00:00:00,2.99
S_007,50.259179,1.973397,3.28,Paris,7.37,7.7,1.793,2024-05-28 00:00:00,6.74
S_049,48.286641,1.595153,5.92,Bordeaux,2.0,1.71,1.941,2024-07-17 00:00:00,2.67
S_096,51.070581,2.156467,2.65,Montpellier,2.35,1.43,1.932,2024-04-24 00:00:00,8.45
S_010,52.773507,0.340894,2.72,Paris,7.03,8.63,1.791,2024-04-08 00:00:00,4.36
S_040,46.881705,3.362848,4.0,Toulouse,1.98,4.2,1.901,2024-08-05 00:00:00,7.09
S_056,50.159272,5.925828,6.14,Montpellier,2.48,8.4,1.701,2024-02-17 00:00:00,8.75
S_061,49.782502,-0.998176,8.24,Paris,3.06,4.2,1.805,2024-06-01 00:00:00,2.86
S_040,49.644634,4.123852,6.38,Strasbourg,2.82,2.64,1.781,2024-06-05 00:00:00,4.61
S_011,45.059392,-1.556011,7.0,Bordeaux,1.54,2.88,1.739,2024-10-25 00:00:00,5.72
S_070,51.540894,5.545139,5.9,Montpellier,8.47,5.0,1.957,2024-07-16 00:00:00,4.85
S_034,47.68339,1.84293,5.51,Lille,2.29,6.8,1.708,2024-06-14 00:00:00,6.64
S_080,47.427487,5.236427,6.16,Montpellier,6.26,5.95,1.855,2024-10-24 00:00:00,3.28
S_022,46.443438,6.260309,5.52,Montpellier,4.76,2.13,1.929,2024-10-30 00:00:00,4.71
S_040,51.83761,0.766133,8.14,Nantes,5.55,8.71,1.766,2024-07-17 00:00:00,4.59
S_029,46.473056,2.223123,3.72,Bordeaux,6.76,7.41,1.882,2024-06-22 00:00:00,6.83
S_035,45.418897,3.254208,7.32,Marseille,5.16,6.32,1.741,2024-05-03 00:00:00,4.63
S_030,46.162577,1.142186,7.46,Marseille,7.66,7.32,1.781,2024-08-19 00:00:00,7.49
S_006,45.232345,-0.981396,3.65,Montpellier,4.53,4.9,1.969,2024-07-28 00:00:00,6.29
S_005,51.463396,-0.593026,5.59,Lille,1.24,5.69,1.697,2024-06-26 00:00:00,7.94
S_033,48.733691,3.006227,8.03,Lyon,4.2,3.0,1.807,2024-08-07 00:00:00,2.28
S_082,49.426967,3.62142,6.58,Bordeaux,6.68,7.82,1.955,2024-07-21 00:00:00,3.4
S_088,49.022441,4.823508,7.82,Paris,3.88,8.6,1.83,2024-08-11 00:00:00,6.62
S_076,48.835381,5.762139,8.33,Toulouse,3.26,4.45,1.782,2024-01-09 00:00:00,1.82
S_069,48.914693,-0.37102,1.58,Paris,1.8,6.16,1.903,2024-10-22 00:00:00,3.77
S_062,48.993229,1.601023,7.79,Paris,2.49,2.4,1.795,2024-11-28 00:00:00,6.4
S_090,47.032488,6.315964,1.53,Marseille,4.73,6.93,1.981,2024-02-22 00:00:00,4.9
S_043,47.536334,5.244611,3.58,Marseille,8.44,7.94,1.777,2024-01-31 00:00:00,5.28
S_088,45.543135,0.30643,5.61,Nice,2.49,7.61,1.915,2024-02-02 00:00:00,6.45
S_030,48.065763,5.052753,4.35,Paris,5.67,3.08,1.77,2024-03-27 00:00:00,1.56
S_081,47.087131,1.655998,7.55,Nice,6.39,5.27,1.956,2024-10-10 00:00:00,4.15
S_089,50.75357,2.615502,4.44,Lille,3.14,3.37,1.969,2024-06-10 00:00:00,4.58
S_006,46.562802,3.847892,8.48,Bordeaux,2.41,7.73,1.849,2024-11-05 00:00:00,1.36
S_063,52.639414,0.587821,8.26,Montpellier,1.63,7.24,1.98,2024-03-02 00:00:00,8.55
S_032,49.931735,2.102747,8.71,Toulouse,2.02,5.66,1.8,2024-08-14 00:00:00,6.99
S_061,49.435812,4.335807,3.61,Bordeaux,4.71,5.38,1.811,2024-12-04 00:00:00,1.28
S_021,47.972957,5.191063,6.99,Marseille,6.31,5.44,1.969,2024-03-22 00:00:00,6.17
S_047,51.942732,1.683028,2.96,Toulouse,3.72,4.25,1.739,2024-03-06 00:00:00,8.33
S_043,45.896683,6.19034,7.14,Bordeaux,8.39,4.93,1.706,2024-04-06 00:00:00,7.96
S_080,46.905583,3.223147,8.58,Toulouse,3.24,3.86,1.964,2024-12-18 00:00:00,1.38
S_044,50.68947,3.959205,1.82,Montpellier,4.38,6.57,1.71,2024-06-03 00:00:00,7.98
S_069,48.350167,1.554057,4.79,Lille,4.43,3.26,1.89,2024-11-10 00:00:00,8.59
S_026,50.238079,0.828683,3.44,Marseille,1.76,6.55,1.68,2024-05-01 00:00:00,4.78
S_075,49.490213,0.630319,3.66,Nice,1.22,5.82,1.748,2024-07-10 00:00:00,2.41
S_055,45.183132,-0.585604,5.09,Paris,4.36,5.55,1.892,2024-02-02 00:00:00,2.36
